block_index,block_hash,block_timestamp,transaction_id,transaction_timestamp,sensor_id,room,sensor_type,value
0,11ffeec1927b6a5a4837c497b8f541a42645d611710c44932ca6a80bb8e6db8e,1757084982.587539,0cd0869c-2290-4a5a-a571-ccad93e7eecd,1757084982.5875359,genesis,genesis,genesis,Genesis Block
1,098bb67ab1c78866567c82edb0d7c5dc24d6524c5e0e9c1bd07bc2ce622bfa6a,1757084982.663947,1ae724fd-d828-4249-9542-2b2775e08e87,1757084982.6629162,Room_1_motion_001,Room_1,motion,-1.0956432181678424
1,098bb67ab1c78866567c82edb0d7c5dc24d6524c5e0e9c1bd07bc2ce622bfa6a,1757084982.663947,7a79c428-bd9b-41b0-91d5-1045f17c8cfa,1757084982.662955,Room_2_motion_001,Room_2,motion,0.2380037296776021
1,098bb67ab1c78866567c82edb0d7c5dc24d6524c5e0e9c1bd07bc2ce622bfa6a,1757084982.663947,dc4b4bf0-e789-4f95-ade9-224dc315c7da,1757084982.66299,Room_1_air_001,Room_1,air_quality,20.17815914532562
1,098bb67ab1c78866567c82edb0d7c5dc24d6524c5e0e9c1bd07bc2ce622bfa6a,1757084982.663947,f26b3c02-b768-44fd-85ad-d16ef91657c6,1757084982.663017,Room_1_humidity_001,Room_1,humidity,54.71182917376423
1,098bb67ab1c78866567c82edb0d7c5dc24d6524c5e0e9c1bd07bc2ce622bfa6a,1757084982.663947,cd4c1bef-d23c-4198-a77d-cff13ac1117b,1757084982.663043,Room_1_temp_001,Room_1,temperature,21.48801181170381
1,098bb67ab1c78866567c82edb0d7c5dc24d6524c5e0e9c1bd07bc2ce622bfa6a,1757084982.663947,989fc13c-ec01-4619-b1d9-513996cf0fc6,1757084982.6630661,Room_1_light_001,Room_1,light,23.0214546500661
1,098bb67ab1c78866567c82edb0d7c5dc24d6524c5e0e9c1bd07bc2ce622bfa6a,1757084982.663947,c2c37dd6-c1df-45f5-826d-2853e37891d3,1757084982.663093,Room_2_temp_001,Room_2,temperature,24.55327486427686
1,098bb67ab1c78866567c82edb0d7c5dc24d6524c5e0e9c1bd07bc2ce622bfa6a,1757084982.663947,62100488-040a-4dd1-9a25-504db9dcd8c6,1757084982.663119,Room_2_humidity_001,Room_2,humidity,48.227978096993766
1,098bb67ab1c78866567c82edb0d7c5dc24d6524c5e0e9c1bd07bc2ce622bfa6a,1757084982.663947,54262ac8-5b48-4d5d-a8ee-a0239bf5f4a0,1757084982.663142,Room_2_air_001,Room_2,air_quality,27.256858462679165
1,098bb67ab1c78866567c82edb0d7c5dc24d6524c5e0e9c1bd07bc2ce622bfa6a,1757084982.663947,89c3f3d2-f142-42cb-9d4b-b937b07ccd8b,1757084982.663163,Room_2_light_001,Room_2,light,283.99795615166505
1,098bb67ab1c78866567c82edb0d7c5dc24d6524c5e0e9c1bd07bc2ce622bfa6a,1757084982.663947,db671ab6-f429-4746-ba5d-f2c1508924b2,1757084982.6631832,Room_2_motion_001,Room_2,motion,0.2079341579487103
1,098bb67ab1c78866567c82edb0d7c5dc24d6524c5e0e9c1bd07bc2ce622bfa6a,1757084982.663947,73f0674e-6fc3-426b-a650-c87de5aa73e9,1757084982.663203,Room_1_motion_001,Room_1,motion,-2.484934197816524
1,098bb67ab1c78866567c82edb0d7c5dc24d6524c5e0e9c1bd07bc2ce622bfa6a,1757084982.663947,cc977e89-87f9-4b14-b78a-967e028c189a,1757084982.663223,Room_1_motion_001,Room_1,motion,-0.39743873969060445
1,098bb67ab1c78866567c82edb0d7c5dc24d6524c5e0e9c1bd07bc2ce622bfa6a,1757084982.663947,b2292d58-ecfc-43b5-b920-2445fab964a5,1757084982.663242,Room_2_motion_001,Room_2,motion,0.9891513709227603
1,098bb67ab1c78866567c82edb0d7c5dc24d6524c5e0e9c1bd07bc2ce622bfa6a,1757084982.663947,330b85b8-a323-49ef-8060-cbc307fdee95,1757084982.663262,Room_2_motion_001,Room_2,motion,-0.07076304331041859
1,098bb67ab1c78866567c82edb0d7c5dc24d6524c5e0e9c1bd07bc2ce622bfa6a,1757084982.663947,9b1b925f-fcf7-4295-9b1d-442d429c6c0a,1757084982.663281,Room_1_motion_001,Room_1,motion,0.13091458744992882
1,098bb67ab1c78866567c82edb0d7c5dc24d6524c5e0e9c1bd07bc2ce622bfa6a,1757084982.663947,b7d1f41d-658b-4736-91dc-045b6a4e21aa,1757084982.6633,Room_2_motion_001,Room_2,motion,0.6788787263011837
1,098bb67ab1c78866567c82edb0d7c5dc24d6524c5e0e9c1bd07bc2ce622bfa6a,1757084982.663947,c103a271-7417-4bc1-9e1d-16f1903bcfeb,1757084982.66332,Room_1_motion_001,Room_1,motion,1.6151661785374085
1,098bb67ab1c78866567c82edb0d7c5dc24d6524c5e0e9c1bd07bc2ce622bfa6a,1757084982.663947,60592a3f-6600-42aa-afe5-7737c472dff6,1757084982.663339,Room_1_light_001,Room_1,light,77.17942406254095
1,098bb67ab1c78866567c82edb0d7c5dc24d6524c5e0e9c1bd07bc2ce622bfa6a,1757084982.663947,49a63dfc-8423-43c5-92b1-3f5d46c60da5,1757084982.663358,Room_1_motion_001,Room_1,motion,3.063292477599046
1,098bb67ab1c78866567c82edb0d7c5dc24d6524c5e0e9c1bd07bc2ce622bfa6a,1757084982.663947,4e360b5c-b629-471f-b0e9-7f2233971405,1757084982.6633768,Room_2_motion_001,Room_2,motion,-0.8947719692715296
1,098bb67ab1c78866567c82edb0d7c5dc24d6524c5e0e9c1bd07bc2ce622bfa6a,1757084982.663947,a55af3cf-175b-4525-91e0-dc673bc371c0,1757084982.6633961,Room_2_light_001,Room_2,light,-0.24459895484220529
1,098bb67ab1c78866567c82edb0d7c5dc24d6524c5e0e9c1bd07bc2ce622bfa6a,1757084982.663947,d5140aa2-a499-4f05-8bd7-37e193475dac,1757084982.6634161,Room_2_motion_001,Room_2,motion,-0.5032607875290294
1,098bb67ab1c78866567c82edb0d7c5dc24d6524c5e0e9c1bd07bc2ce622bfa6a,1757084982.663947,3e71d25c-5368-401a-b4da-8ac8d072baef,1757084982.663435,Room_1_motion_001,Room_1,motion,0.3605764778681141
1,098bb67ab1c78866567c82edb0d7c5dc24d6524c5e0e9c1bd07bc2ce622bfa6a,1757084982.663947,1dc4f5f6-c051-4039-b920-682d6134428c,1757084982.6634529,Room_1_motion_001,Room_1,motion,-1.051637849924675
1,098bb67ab1c78866567c82edb0d7c5dc24d6524c5e0e9c1bd07bc2ce622bfa6a,1757084982.663947,2579c8a0-feb5-4c78-93c8-65e1ffc73d35,1757084982.6634722,Room_2_motion_001,Room_2,motion,-0.008286242828329585
1,098bb67ab1c78866567c82edb0d7c5dc24d6524c5e0e9c1bd07bc2ce622bfa6a,1757084982.663947,c4360722-330d-4cf4-9b62-85db06855cdf,1757084982.663491,Room_2_motion_001,Room_2,motion,2.279109258700638
1,098bb67ab1c78866567c82edb0d7c5dc24d6524c5e0e9c1bd07bc2ce622bfa6a,1757084982.663947,0dab5043-4d0f-40cc-8b92-c905d5224caa,1757084982.66351,Room_1_motion_001,Room_1,motion,-0.5922961439170927
1,098bb67ab1c78866567c82edb0d7c5dc24d6524c5e0e9c1bd07bc2ce622bfa6a,1757084982.663947,a77dc028-8a46-44fb-b89c-6851bc4c06c1,1757084982.6635299,Room_1_motion_001,Room_1,motion,-0.12951489462798613
1,098bb67ab1c78866567c82edb0d7c5dc24d6524c5e0e9c1bd07bc2ce622bfa6a,1757084982.663947,05b293c8-19a7-453d-9f83-85e4d5434591,1757084982.663549,Room_2_motion_001,Room_2,motion,0.9562303224931815
1,098bb67ab1c78866567c82edb0d7c5dc24d6524c5e0e9c1bd07bc2ce622bfa6a,1757084982.663947,10334722-d499-4fd7-8101-2b243e04a487,1757084982.6635678,Room_1_motion_001,Room_1,motion,0.33048254113143216
1,098bb67ab1c78866567c82edb0d7c5dc24d6524c5e0e9c1bd07bc2ce622bfa6a,1757084982.663947,8f13b2cd-fd11-4cda-8efa-20d6b2f23bea,1757084982.663587,Room_1_light_001,Room_1,light,255.35053406192583
1,098bb67ab1c78866567c82edb0d7c5dc24d6524c5e0e9c1bd07bc2ce622bfa6a,1757084982.663947,554e9a55-3290-4400-befc-3e8725c33a5e,1757084982.6636071,Room_2_motion_001,Room_2,motion,1.1540896634880828
1,098bb67ab1c78866567c82edb0d7c5dc24d6524c5e0e9c1bd07bc2ce622bfa6a,1757084982.663947,bc1f6a83-d039-4e3d-8ed3-cdb32a53cd61,1757084982.663626,Room_2_light_001,Room_2,light,59.155862056308436
1,098bb67ab1c78866567c82edb0d7c5dc24d6524c5e0e9c1bd07bc2ce622bfa6a,1757084982.663947,abd27d3a-9e15-47df-8542-75bd15a4611a,1757084982.663645,Room_2_motion_001,Room_2,motion,1.6650908580415875
1,098bb67ab1c78866567c82edb0d7c5dc24d6524c5e0e9c1bd07bc2ce622bfa6a,1757084982.663947,176ea324-d1ef-43b2-bd63-65e9b8ec46ef,1757084982.663664,Room_1_motion_001,Room_1,motion,0.9675419971977928
1,098bb67ab1c78866567c82edb0d7c5dc24d6524c5e0e9c1bd07bc2ce622bfa6a,1757084982.663947,e4d22afa-d084-46b8-82c3-ee9311740ce1,1757084982.6636832,Room_2_motion_001,Room_2,motion,-0.20120093735592604
1,098bb67ab1c78866567c82edb0d7c5dc24d6524c5e0e9c1bd07bc2ce622bfa6a,1757084982.663947,91f27403-1827-4375-ab0d-4d86153e3631,1757084982.663702,Room_1_motion_001,Room_1,motion,-1.265173200867948
1,098bb67ab1c78866567c82edb0d7c5dc24d6524c5e0e9c1bd07bc2ce622bfa6a,1757084982.663947,a0747cfd-9fb2-4808-8823-3d5cdacba9bd,1757084982.6637208,Room_1_motion_001,Room_1,motion,-1.4883912721081793
1,098bb67ab1c78866567c82edb0d7c5dc24d6524c5e0e9c1bd07bc2ce622bfa6a,1757084982.663947,04e87cd6-9bb9-492b-8bfb-9bf1bca6ff1d,1757084982.6637409,Room_2_motion_001,Room_2,motion,-1.0204593385768335
1,098bb67ab1c78866567c82edb0d7c5dc24d6524c5e0e9c1bd07bc2ce622bfa6a,1757084982.663947,72e46813-d2c3-4808-a815-e08a88e82a31,1757084982.66376,Room_1_motion_001,Room_1,motion,-2.2535121566160146
1,098bb67ab1c78866567c82edb0d7c5dc24d6524c5e0e9c1bd07bc2ce622bfa6a,1757084982.663947,60129340-0e0e-479f-9a1e-ccabc0030a7c,1757084982.6637802,Room_2_motion_001,Room_2,motion,0.4946064402404177
1,098bb67ab1c78866567c82edb0d7c5dc24d6524c5e0e9c1bd07bc2ce622bfa6a,1757084982.663947,d7d8352e-601c-4786-bc1b-15a75a8b7ccb,1757084982.663799,Room_1_temp_001,Room_1,temperature,22.856479787297772
1,098bb67ab1c78866567c82edb0d7c5dc24d6524c5e0e9c1bd07bc2ce622bfa6a,1757084982.663947,55792980-8414-486d-be65-82fdb398674c,1757084982.663819,Room_1_humidity_001,Room_1,humidity,52.99366066044002
1,098bb67ab1c78866567c82edb0d7c5dc24d6524c5e0e9c1bd07bc2ce622bfa6a,1757084982.663947,f3ccff81-47f9-4927-8b13-aeefbad99351,1757084982.6638389,Room_1_light_001,Room_1,light,62.75018978693563
1,098bb67ab1c78866567c82edb0d7c5dc24d6524c5e0e9c1bd07bc2ce622bfa6a,1757084982.663947,85341f9f-9571-46e4-a549-421d781bb755,1757084982.663863,Room_1_motion_001,Room_1,motion,1.2025308757213617
1,098bb67ab1c78866567c82edb0d7c5dc24d6524c5e0e9c1bd07bc2ce622bfa6a,1757084982.663947,cb1a458c-b6d2-47ff-a13e-149d51544e46,1757084982.663884,Room_2_temp_001,Room_2,temperature,22.854198732591612
1,098bb67ab1c78866567c82edb0d7c5dc24d6524c5e0e9c1bd07bc2ce622bfa6a,1757084982.663947,eeef702a-4aa2-4680-ac5b-20ffbc6744ed,1757084982.663905,Room_2_humidity_001,Room_2,humidity,41.993997380418286
1,098bb67ab1c78866567c82edb0d7c5dc24d6524c5e0e9c1bd07bc2ce622bfa6a,1757084982.663947,5a68a1ad-784b-4e74-a1e4-069170304263,1757084982.663925,Room_2_light_001,Room_2,light,84.10880616551206
1,098bb67ab1c78866567c82edb0d7c5dc24d6524c5e0e9c1bd07bc2ce622bfa6a,1757084982.663947,d0ce6bed-0188-4416-b8c8-001ce768dd68,1757084982.663946,Room_2_motion_001,Room_2,motion,-0.041912332059624885
2,007952bc9dcafa8015850e5a62d9e7460b4c066d9b75902e14751d2667089de6,1757084982.667373,af31f628-9341-460b-ab37-c6e37ab9f0bf,1757084982.6664,Room_2_motion_001,Room_2,motion,-0.44931739813527966
2,007952bc9dcafa8015850e5a62d9e7460b4c066d9b75902e14751d2667089de6,1757084982.667373,d7af4290-23e5-4fe8-ab9c-bd62795f036d,1757084982.6664279,Room_1_motion_001,Room_1,motion,0.9421268159426096
2,007952bc9dcafa8015850e5a62d9e7460b4c066d9b75902e14751d2667089de6,1757084982.667373,b38121df-84d8-429b-a351-52c3590a933a,1757084982.666452,Room_2_motion_001,Room_2,motion,2.76106471358257
2,007952bc9dcafa8015850e5a62d9e7460b4c066d9b75902e14751d2667089de6,1757084982.667373,5e114e2b-e322-41af-9b37-4fe207e31b9e,1757084982.666476,Room_1_motion_001,Room_1,motion,0.0633380808205789
2,007952bc9dcafa8015850e5a62d9e7460b4c066d9b75902e14751d2667089de6,1757084982.667373,5025810b-ad7e-4f07-9b9b-3e3296e80870,1757084982.6664991,Room_1_motion_001,Room_1,motion,-0.572626977587326
2,007952bc9dcafa8015850e5a62d9e7460b4c066d9b75902e14751d2667089de6,1757084982.667373,d9550658-3269-48c1-8fdc-083de7564a07,1757084982.66652,Room_2_motion_001,Room_2,motion,-2.111480890136187
2,007952bc9dcafa8015850e5a62d9e7460b4c066d9b75902e14751d2667089de6,1757084982.667373,41a2e5ca-ee65-4434-b123-ee3ec67db3ae,1757084982.6665401,Room_2_motion_001,Room_2,motion,-2.276467922032537
2,007952bc9dcafa8015850e5a62d9e7460b4c066d9b75902e14751d2667089de6,1757084982.667373,d9b3095d-bd1a-4897-a70f-fe2dcbfcf7c9,1757084982.6665611,Room_1_motion_001,Room_1,motion,1.2939419763579578
2,007952bc9dcafa8015850e5a62d9e7460b4c066d9b75902e14751d2667089de6,1757084982.667373,4bb2ba1e-d012-467a-a37f-66676918319a,1757084982.666581,Room_1_light_001,Room_1,light,74.78002809270598
2,007952bc9dcafa8015850e5a62d9e7460b4c066d9b75902e14751d2667089de6,1757084982.667373,272ccc89-71a1-4bc7-89fe-dff5897d0b2e,1757084982.666601,Room_2_motion_001,Room_2,motion,-0.13517256219934315
2,007952bc9dcafa8015850e5a62d9e7460b4c066d9b75902e14751d2667089de6,1757084982.667373,e7916a64-6c45-4b32-b8f0-ce9c553b0b44,1757084982.666622,Room_1_motion_001,Room_1,motion,-1.0224838720833656
2,007952bc9dcafa8015850e5a62d9e7460b4c066d9b75902e14751d2667089de6,1757084982.667373,17bec9de-ee85-4037-8d6b-231009cf49f0,1757084982.666642,Room_2_light_001,Room_2,light,41.14792548389237
2,007952bc9dcafa8015850e5a62d9e7460b4c066d9b75902e14751d2667089de6,1757084982.667373,02dfb63c-3f10-4dae-a7de-567715e87692,1757084982.666662,Room_1_motion_001,Room_1,motion,0.19525725614909106
2,007952bc9dcafa8015850e5a62d9e7460b4c066d9b75902e14751d2667089de6,1757084982.667373,58847685-1b11-457a-8110-bab7cfc40223,1757084982.666682,Room_2_motion_001,Room_2,motion,-0.16152003657858463
2,007952bc9dcafa8015850e5a62d9e7460b4c066d9b75902e14751d2667089de6,1757084982.667373,95581b94-e314-4558-a893-6045c66ad370,1757084982.666702,Room_2_motion_001,Room_2,motion,0.3357700527013705
2,007952bc9dcafa8015850e5a62d9e7460b4c066d9b75902e14751d2667089de6,1757084982.667373,3611c073-bb61-42ed-a300-2bb877ef716e,1757084982.666722,Room_1_motion_001,Room_1,motion,1.5661963907872758
2,007952bc9dcafa8015850e5a62d9e7460b4c066d9b75902e14751d2667089de6,1757084982.667373,1d24c43b-043c-4d02-be0e-23f88abaf80c,1757084982.666741,Room_2_motion_001,Room_2,motion,0.4070349219459614
2,007952bc9dcafa8015850e5a62d9e7460b4c066d9b75902e14751d2667089de6,1757084982.667373,32935ce3-e1de-4ef7-b338-a299fa80bf5a,1757084982.66676,Room_1_motion_001,Room_1,motion,1.1096301064638934
2,007952bc9dcafa8015850e5a62d9e7460b4c066d9b75902e14751d2667089de6,1757084982.667373,0530a6b7-7af5-47fd-88a6-c9a7150e0760,1757084982.66678,Room_1_motion_001,Room_1,motion,-0.6318109662552468
2,007952bc9dcafa8015850e5a62d9e7460b4c066d9b75902e14751d2667089de6,1757084982.667373,23582f46-5257-4393-9a2e-1c4c71ecd6ee,1757084982.666799,Room_2_motion_001,Room_2,motion,0.2834536713339239
2,007952bc9dcafa8015850e5a62d9e7460b4c066d9b75902e14751d2667089de6,1757084982.667373,f9e7561c-495a-4714-b7c8-b3232fe09e19,1757084982.6668181,Room_1_motion_001,Room_1,motion,2.3076500123518873
2,007952bc9dcafa8015850e5a62d9e7460b4c066d9b75902e14751d2667089de6,1757084982.667373,58934ef9-065c-49e4-891f-5e41fb4db11e,1757084982.666838,Room_2_motion_001,Room_2,motion,-0.7546298098551455
2,007952bc9dcafa8015850e5a62d9e7460b4c066d9b75902e14751d2667089de6,1757084982.667373,4306edaf-c7ee-46df-acc5-5ffb8960283f,1757084982.666857,Room_2_light_001,Room_2,light,266.1502818374417
2,007952bc9dcafa8015850e5a62d9e7460b4c066d9b75902e14751d2667089de6,1757084982.667373,74899287-e7ce-4153-bb32-a694e4d2bc3e,1757084982.6668758,Room_1_light_001,Room_1,light,100.87480993424084
2,007952bc9dcafa8015850e5a62d9e7460b4c066d9b75902e14751d2667089de6,1757084982.667373,523fcb9b-fa12-4124-81d3-3d1ea17b68bc,1757084982.6668959,Room_1_motion_001,Room_1,motion,-0.5760865317094777
2,007952bc9dcafa8015850e5a62d9e7460b4c066d9b75902e14751d2667089de6,1757084982.667373,5fcd8611-dce0-45f3-957c-8a3152bd0673,1757084982.6669152,Room_2_motion_001,Room_2,motion,-0.19624858803600434
2,007952bc9dcafa8015850e5a62d9e7460b4c066d9b75902e14751d2667089de6,1757084982.667373,f8bf9cf3-3b9f-4e3e-a4e6-a1b05b615e7c,1757084982.666934,Room_1_motion_001,Room_1,motion,1.7838635232158793
2,007952bc9dcafa8015850e5a62d9e7460b4c066d9b75902e14751d2667089de6,1757084982.667373,6cdd7e66-cd63-4032-b0b7-59b32b422b12,1757084982.6669528,Room_2_motion_001,Room_2,motion,0.4547715418403001
2,007952bc9dcafa8015850e5a62d9e7460b4c066d9b75902e14751d2667089de6,1757084982.667373,3bcb285c-9cfb-4389-a10e-bbbc7c45b256,1757084982.666972,Room_1_motion_001,Room_1,motion,-0.33932775616812055
2,007952bc9dcafa8015850e5a62d9e7460b4c066d9b75902e14751d2667089de6,1757084982.667373,60f30dab-5f1d-453c-921b-4323ecae320e,1757084982.666991,Room_2_motion_001,Room_2,motion,4.335913708909107
2,007952bc9dcafa8015850e5a62d9e7460b4c066d9b75902e14751d2667089de6,1757084982.667373,8bd047df-9dc4-4478-8dec-29efb4d650dd,1757084982.667009,Room_2_motion_001,Room_2,motion,0.4756029598529388
2,007952bc9dcafa8015850e5a62d9e7460b4c066d9b75902e14751d2667089de6,1757084982.667373,218f5e9f-d42d-4ecc-ab27-ced22eea2284,1757084982.667028,Room_1_motion_001,Room_1,motion,-0.743441191446979
2,007952bc9dcafa8015850e5a62d9e7460b4c066d9b75902e14751d2667089de6,1757084982.667373,39687972-c1b7-4bdb-8a47-100595d6e4df,1757084982.667047,Room_1_humidity_001,Room_1,humidity,70.11306805023636
2,007952bc9dcafa8015850e5a62d9e7460b4c066d9b75902e14751d2667089de6,1757084982.667373,4fd852a2-bef4-451a-9574-7a9ee305669a,1757084982.6670651,Room_1_air_001,Room_1,air_quality,12.122358264893819
2,007952bc9dcafa8015850e5a62d9e7460b4c066d9b75902e14751d2667089de6,1757084982.667373,41035a19-f13b-4f49-8d31-3e0a50cce261,1757084982.667084,Room_1_temp_001,Room_1,temperature,20.975303672488113
2,007952bc9dcafa8015850e5a62d9e7460b4c066d9b75902e14751d2667089de6,1757084982.667373,aed32b2c-b488-4378-b859-73fb9008ab35,1757084982.667103,Room_2_light_001,Room_2,light,-1.52756443076018
2,007952bc9dcafa8015850e5a62d9e7460b4c066d9b75902e14751d2667089de6,1757084982.667373,57d4c4bc-9fbc-47a4-92e6-2efdbbbe8984,1757084982.667122,Room_2_air_001,Room_2,air_quality,23.977236313806223
2,007952bc9dcafa8015850e5a62d9e7460b4c066d9b75902e14751d2667089de6,1757084982.667373,c760068d-931d-4538-80e6-e7a1b11a6f03,1757084982.66714,Room_2_temp_001,Room_2,temperature,22.628204087526463
2,007952bc9dcafa8015850e5a62d9e7460b4c066d9b75902e14751d2667089de6,1757084982.667373,c612feca-3e16-4917-b209-a2bd93e06493,1757084982.667159,Room_1_light_001,Room_1,light,35.35191639896832
2,007952bc9dcafa8015850e5a62d9e7460b4c066d9b75902e14751d2667089de6,1757084982.667373,5fe998b4-c715-42f6-b11c-726df8879551,1757084982.667178,Room_2_humidity_001,Room_2,humidity,43.50465380436052
2,007952bc9dcafa8015850e5a62d9e7460b4c066d9b75902e14751d2667089de6,1757084982.667373,d7557153-7471-4d22-8625-606b13eb0a88,1757084982.667197,Room_1_motion_001,Room_1,motion,0.7148064321793237
2,007952bc9dcafa8015850e5a62d9e7460b4c066d9b75902e14751d2667089de6,1757084982.667373,cc579c0b-be8d-4d07-97a9-ed5df6d6b548,1757084982.6672158,Room_2_motion_001,Room_2,motion,0.9989466387215118
2,007952bc9dcafa8015850e5a62d9e7460b4c066d9b75902e14751d2667089de6,1757084982.667373,f039f482-890c-4d10-9dc4-b6a6f437979b,1757084982.6672351,Room_2_motion_001,Room_2,motion,7.893139208334757
2,007952bc9dcafa8015850e5a62d9e7460b4c066d9b75902e14751d2667089de6,1757084982.667373,f04c1a2c-dd0c-48ea-b9f0-34162aa54e32,1757084982.667254,Room_1_motion_001,Room_1,motion,0.5417837326872157
2,007952bc9dcafa8015850e5a62d9e7460b4c066d9b75902e14751d2667089de6,1757084982.667373,14ad4ab9-a5eb-46fb-8a05-7eb8d3a22c57,1757084982.667273,Room_1_motion_001,Room_1,motion,0.8921042329450745
2,007952bc9dcafa8015850e5a62d9e7460b4c066d9b75902e14751d2667089de6,1757084982.667373,4412de2c-c3e6-4016-8463-35c7f3d3d643,1757084982.6672919,Room_2_motion_001,Room_2,motion,1.2885204237239047
2,007952bc9dcafa8015850e5a62d9e7460b4c066d9b75902e14751d2667089de6,1757084982.667373,4fe76b4d-9db3-4e8c-b9a3-61c6c28754c5,1757084982.6673112,Room_1_motion_001,Room_1,motion,-0.05406094162687126
2,007952bc9dcafa8015850e5a62d9e7460b4c066d9b75902e14751d2667089de6,1757084982.667373,141a2d03-6e6d-4aff-9af9-1367269fb15a,1757084982.66733,Room_2_motion_001,Room_2,motion,-0.394732370659338
2,007952bc9dcafa8015850e5a62d9e7460b4c066d9b75902e14751d2667089de6,1757084982.667373,0ccd1e6e-f5bd-4288-a2a4-2d7a90cdf4f2,1757084982.66735,Room_1_motion_001,Room_1,motion,2.2468808868068297
2,007952bc9dcafa8015850e5a62d9e7460b4c066d9b75902e14751d2667089de6,1757084982.667373,5b33dda9-5f4a-47d3-9f83-03d95536b109,1757084982.667372,Room_2_motion_001,Room_2,motion,-0.7472144931261077
3,098b33c4ee22b8fb41ae1d8cf7d00a86ab15b4639b01dbb2b3cc20b933d465f1,1757084982.6688251,613a3cb9-bd3d-481b-b6ac-62772df1177a,1757084982.667857,Room_1_motion_001,Room_1,motion,0.5616721263572344
3,098b33c4ee22b8fb41ae1d8cf7d00a86ab15b4639b01dbb2b3cc20b933d465f1,1757084982.6688251,60f3d970-fc0c-43c6-8b96-5cc5ac3d2b20,1757084982.6678882,Room_2_light_001,Room_2,light,83.87450795866721
3,098b33c4ee22b8fb41ae1d8cf7d00a86ab15b4639b01dbb2b3cc20b933d465f1,1757084982.6688251,b56f7ebf-189b-45cc-a7b5-503987c52903,1757084982.667913,Room_2_motion_001,Room_2,motion,-1.2477881838007239
3,098b33c4ee22b8fb41ae1d8cf7d00a86ab15b4639b01dbb2b3cc20b933d465f1,1757084982.6688251,8375ff05-900b-4075-9cb5-90f431f497f9,1757084982.667935,Room_1_light_001,Room_1,light,86.13564383389344
3,098b33c4ee22b8fb41ae1d8cf7d00a86ab15b4639b01dbb2b3cc20b933d465f1,1757084982.6688251,08fe1ae9-78ad-4fbd-ad41-ba9ec8633b07,1757084982.667957,Room_2_motion_001,Room_2,motion,-0.006335950144224389
3,098b33c4ee22b8fb41ae1d8cf7d00a86ab15b4639b01dbb2b3cc20b933d465f1,1757084982.6688251,e062d11f-5d89-4e47-87e0-5e54eee75ec6,1757084982.667978,Room_1_motion_001,Room_1,motion,0.6060933366293482
3,098b33c4ee22b8fb41ae1d8cf7d00a86ab15b4639b01dbb2b3cc20b933d465f1,1757084982.6688251,75b3a376-b2ea-41d6-8afd-91c1bd5bdf63,1757084982.6679978,Room_2_motion_001,Room_2,motion,0.6744915101538417
3,098b33c4ee22b8fb41ae1d8cf7d00a86ab15b4639b01dbb2b3cc20b933d465f1,1757084982.6688251,25b32b40-5348-400f-815e-00dc36a0282c,1757084982.6680179,Room_1_motion_001,Room_1,motion,-1.2084856146191978
3,098b33c4ee22b8fb41ae1d8cf7d00a86ab15b4639b01dbb2b3cc20b933d465f1,1757084982.6688251,e81cc00b-fe67-4c3f-ba72-3dcc17a5c4b0,1757084982.6680372,Room_2_motion_001,Room_2,motion,1.5455306281041246
3,098b33c4ee22b8fb41ae1d8cf7d00a86ab15b4639b01dbb2b3cc20b933d465f1,1757084982.6688251,7ece0fc0-f16a-4032-a9ae-517e961bcd4d,1757084982.6680572,Room_1_motion_001,Room_1,motion,0.0511935345251927
3,098b33c4ee22b8fb41ae1d8cf7d00a86ab15b4639b01dbb2b3cc20b933d465f1,1757084982.6688251,47483a0f-2107-41c8-beb6-cdc2759d800a,1757084982.668076,Room_2_motion_001,Room_2,motion,0.06595860927125005
3,098b33c4ee22b8fb41ae1d8cf7d00a86ab15b4639b01dbb2b3cc20b933d465f1,1757084982.6688251,990a6a5d-8a7d-4af2-a974-f594be467c5c,1757084982.6680949,Room_1_motion_001,Room_1,motion,-0.12218599249324097
3,098b33c4ee22b8fb41ae1d8cf7d00a86ab15b4639b01dbb2b3cc20b933d465f1,1757084982.6688251,be66f007-0fdc-4d8b-8343-b2b5e125362f,1757084982.668115,Room_1_light_001,Room_1,light,54.479321347115196
3,098b33c4ee22b8fb41ae1d8cf7d00a86ab15b4639b01dbb2b3cc20b933d465f1,1757084982.6688251,9a8780c9-1d27-4b00-9557-186b1e98552a,1757084982.668134,Room_2_light_001,Room_2,light,64.94355245749914
3,098b33c4ee22b8fb41ae1d8cf7d00a86ab15b4639b01dbb2b3cc20b933d465f1,1757084982.6688251,3b5a6f73-05ce-4503-bba2-ed17049a67fe,1757084982.668153,Room_2_motion_001,Room_2,motion,-0.44046468178805964
3,098b33c4ee22b8fb41ae1d8cf7d00a86ab15b4639b01dbb2b3cc20b933d465f1,1757084982.6688251,ef8e4f28-43ce-44c8-b6c3-1976d641f808,1757084982.6681721,Room_1_motion_001,Room_1,motion,0.08745707696713001
3,098b33c4ee22b8fb41ae1d8cf7d00a86ab15b4639b01dbb2b3cc20b933d465f1,1757084982.6688251,08266f0a-9b4c-43d5-9711-f15ec78fe037,1757084982.668192,Room_1_motion_001,Room_1,motion,-0.9578853487925412
3,098b33c4ee22b8fb41ae1d8cf7d00a86ab15b4639b01dbb2b3cc20b933d465f1,1757084982.6688251,5befc354-f7db-4b01-9bfb-6c61e44370fd,1757084982.668211,Room_2_motion_001,Room_2,motion,0.7031162653818808
3,098b33c4ee22b8fb41ae1d8cf7d00a86ab15b4639b01dbb2b3cc20b933d465f1,1757084982.6688251,036578b8-e413-4fbb-9444-222cdc67e259,1757084982.668231,Room_1_motion_001,Room_1,motion,-0.9510411397876547
3,098b33c4ee22b8fb41ae1d8cf7d00a86ab15b4639b01dbb2b3cc20b933d465f1,1757084982.6688251,86cd9289-90ae-44f1-9299-050cbf5c0b18,1757084982.66825,Room_2_motion_001,Room_2,motion,-2.6188699855632436
3,098b33c4ee22b8fb41ae1d8cf7d00a86ab15b4639b01dbb2b3cc20b933d465f1,1757084982.6688251,49ae5467-8d76-49f5-bc7f-bea576e05593,1757084982.6682692,Room_1_motion_001,Room_1,motion,0.20406418699841217
3,098b33c4ee22b8fb41ae1d8cf7d00a86ab15b4639b01dbb2b3cc20b933d465f1,1757084982.6688251,05a8d082-7df1-456e-a423-4d86139bff84,1757084982.668288,Room_2_motion_001,Room_2,motion,-0.23499235759278506
3,098b33c4ee22b8fb41ae1d8cf7d00a86ab15b4639b01dbb2b3cc20b933d465f1,1757084982.6688251,ef1f194f-313a-4239-bd77-7489ca1a3835,1757084982.668308,Room_1_motion_001,Room_1,motion,-3.1564186309594087
3,098b33c4ee22b8fb41ae1d8cf7d00a86ab15b4639b01dbb2b3cc20b933d465f1,1757084982.6688251,23bfdf2a-4dc3-4157-bf34-ab7880bed5c1,1757084982.6683269,Room_2_motion_001,Room_2,motion,-0.8147631141691155
3,098b33c4ee22b8fb41ae1d8cf7d00a86ab15b4639b01dbb2b3cc20b933d465f1,1757084982.6688251,29bba94d-842d-4253-a083-b02acf704b2a,1757084982.6683462,Room_2_light_001,Room_2,light,12.731643577484734
3,098b33c4ee22b8fb41ae1d8cf7d00a86ab15b4639b01dbb2b3cc20b933d465f1,1757084982.6688251,41774178-539f-4572-ae58-b5d146f95a34,1757084982.668365,Room_2_temp_001,Room_2,temperature,21.082443512787048
3,098b33c4ee22b8fb41ae1d8cf7d00a86ab15b4639b01dbb2b3cc20b933d465f1,1757084982.6688251,1d12dac1-9afe-4741-be1f-3d3625649c26,1757084982.668384,Room_1_motion_001,Room_1,motion,0.7890377044093996
3,098b33c4ee22b8fb41ae1d8cf7d00a86ab15b4639b01dbb2b3cc20b933d465f1,1757084982.6688251,efc8e64a-4667-400a-8aee-aa4d5bba6ddb,1757084982.6684039,Room_2_motion_001,Room_2,motion,4.031739697797981
3,098b33c4ee22b8fb41ae1d8cf7d00a86ab15b4639b01dbb2b3cc20b933d465f1,1757084982.6688251,484946f6-0c64-4e64-8414-dcb40e223c2f,1757084982.668423,Room_2_humidity_001,Room_2,humidity,46.96857310177406
3,098b33c4ee22b8fb41ae1d8cf7d00a86ab15b4639b01dbb2b3cc20b933d465f1,1757084982.6688251,30087ac1-551d-4d9f-bd2f-552528dd03c0,1757084982.668442,Room_1_light_001,Room_1,light,60.56502113860089
3,098b33c4ee22b8fb41ae1d8cf7d00a86ab15b4639b01dbb2b3cc20b933d465f1,1757084982.6688251,45be9ca3-ca46-42b7-b003-e2e1b7cf3a4a,1757084982.668461,Room_1_humidity_001,Room_1,humidity,56.61320559365093
3,098b33c4ee22b8fb41ae1d8cf7d00a86ab15b4639b01dbb2b3cc20b933d465f1,1757084982.6688251,e2c1f1bb-5c95-4001-8a20-98c0144b2b54,1757084982.66848,Room_1_temp_001,Room_1,temperature,20.840098835380516
3,098b33c4ee22b8fb41ae1d8cf7d00a86ab15b4639b01dbb2b3cc20b933d465f1,1757084982.6688251,73b9068b-3ffa-480d-aad3-70a779a3259c,1757084982.668499,Room_1_motion_001,Room_1,motion,-1.206886759662055
3,098b33c4ee22b8fb41ae1d8cf7d00a86ab15b4639b01dbb2b3cc20b933d465f1,1757084982.6688251,b46c5b75-e9ee-4423-b61c-188426b40c2e,1757084982.6685178,Room_2_motion_001,Room_2,motion,1.614128573818213
3,098b33c4ee22b8fb41ae1d8cf7d00a86ab15b4639b01dbb2b3cc20b933d465f1,1757084982.6688251,ce36ae94-fd65-46f0-a702-92f027417490,1757084982.6685371,Room_2_motion_001,Room_2,motion,0.7212543502097746
3,098b33c4ee22b8fb41ae1d8cf7d00a86ab15b4639b01dbb2b3cc20b933d465f1,1757084982.6688251,0b2694e0-c53c-4f3c-b9d3-83747aaaed17,1757084982.668556,Room_1_motion_001,Room_1,motion,-0.03674971375357283
3,098b33c4ee22b8fb41ae1d8cf7d00a86ab15b4639b01dbb2b3cc20b933d465f1,1757084982.6688251,a50b24ed-8c3f-4503-9a93-7f1080605816,1757084982.668575,Room_2_motion_001,Room_2,motion,-5.272638425837485
3,098b33c4ee22b8fb41ae1d8cf7d00a86ab15b4639b01dbb2b3cc20b933d465f1,1757084982.6688251,f6b32b59-59a9-4b80-9dfa-df02b8d55b91,1757084982.668594,Room_1_motion_001,Room_1,motion,0.9052747642494604
3,098b33c4ee22b8fb41ae1d8cf7d00a86ab15b4639b01dbb2b3cc20b933d465f1,1757084982.6688251,2c5aa36a-1c51-4404-b06c-12f9af76b9e7,1757084982.668612,Room_2_motion_001,Room_2,motion,-0.016184005534274938
3,098b33c4ee22b8fb41ae1d8cf7d00a86ab15b4639b01dbb2b3cc20b933d465f1,1757084982.6688251,3030e7a6-bd85-4a2a-85ba-74d7a025c8bd,1757084982.668631,Room_1_motion_001,Room_1,motion,-0.13511576923938126
3,098b33c4ee22b8fb41ae1d8cf7d00a86ab15b4639b01dbb2b3cc20b933d465f1,1757084982.6688251,a0ffa248-1424-47bd-b55d-7a2a3e0f0667,1757084982.66865,Room_1_motion_001,Room_1,motion,0.45862117846429185
3,098b33c4ee22b8fb41ae1d8cf7d00a86ab15b4639b01dbb2b3cc20b933d465f1,1757084982.6688251,bb16b1fc-44dd-4897-8313-6ce295dafec6,1757084982.668669,Room_1_light_001,Room_1,light,39.17496632321069
3,098b33c4ee22b8fb41ae1d8cf7d00a86ab15b4639b01dbb2b3cc20b933d465f1,1757084982.6688251,3d83a9c8-3209-4b34-a185-d08d944001db,1757084982.668689,Room_2_light_001,Room_2,light,2.6706309554553633
3,098b33c4ee22b8fb41ae1d8cf7d00a86ab15b4639b01dbb2b3cc20b933d465f1,1757084982.6688251,1051d4dc-adc8-4f47-88f0-38ae09903269,1757084982.668709,Room_2_motion_001,Room_2,motion,-0.7353239417614648
3,098b33c4ee22b8fb41ae1d8cf7d00a86ab15b4639b01dbb2b3cc20b933d465f1,1757084982.6688251,693d17bc-03d6-4411-a5f4-3aa1df6148dd,1757084982.668728,Room_2_motion_001,Room_2,motion,1.6791640652692141
3,098b33c4ee22b8fb41ae1d8cf7d00a86ab15b4639b01dbb2b3cc20b933d465f1,1757084982.6688251,606ff782-9781-4869-848f-85297d8b34b0,1757084982.668747,Room_1_motion_001,Room_1,motion,-1.4011792107175278
3,098b33c4ee22b8fb41ae1d8cf7d00a86ab15b4639b01dbb2b3cc20b933d465f1,1757084982.6688251,6776de60-a643-4b87-af65-b70b81582633,1757084982.668766,Room_2_motion_001,Room_2,motion,-2.390910192247568
3,098b33c4ee22b8fb41ae1d8cf7d00a86ab15b4639b01dbb2b3cc20b933d465f1,1757084982.6688251,f296ab76-650c-4bd2-9ae6-f876cfffcf4a,1757084982.6687849,Room_1_motion_001,Room_1,motion,0.5083360685134077
3,098b33c4ee22b8fb41ae1d8cf7d00a86ab15b4639b01dbb2b3cc20b933d465f1,1757084982.6688251,8bbf978a-c3d6-4abf-866e-bd3b2a746e29,1757084982.6688042,Room_1_motion_001,Room_1,motion,1.197049206124852
3,098b33c4ee22b8fb41ae1d8cf7d00a86ab15b4639b01dbb2b3cc20b933d465f1,1757084982.6688251,77b3483b-5d2c-4da0-9dc0-227e9bd9acfa,1757084982.668824,Room_2_motion_001,Room_2,motion,-0.048966543930893607
4,0f934ad189ed44091c7354b4f0168599a886f9229b910fd601be45dbf1e092fd,1757084982.670321,e545db56-dd85-4c77-b55a-ecb20a7ca165,1757084982.6693802,Room_1_motion_001,Room_1,motion,2.510523235111133
4,0f934ad189ed44091c7354b4f0168599a886f9229b910fd601be45dbf1e092fd,1757084982.670321,65478a22-5a15-4eef-a452-355b00704b8b,1757084982.669405,Room_2_motion_001,Room_2,motion,1.4296000947651664
4,0f934ad189ed44091c7354b4f0168599a886f9229b910fd601be45dbf1e092fd,1757084982.670321,489263dd-1b45-403d-a938-4acb9c6f303f,1757084982.669426,Room_2_motion_001,Room_2,motion,-1.564209474316874
4,0f934ad189ed44091c7354b4f0168599a886f9229b910fd601be45dbf1e092fd,1757084982.670321,fff624e3-c1d6-4611-8dbe-32416fbf3329,1757084982.669447,Room_1_light_001,Room_1,light,80.18483858114874
4,0f934ad189ed44091c7354b4f0168599a886f9229b910fd601be45dbf1e092fd,1757084982.670321,57413237-5865-45be-9ab8-30da7b3045da,1757084982.669468,Room_1_motion_001,Room_1,motion,0.21855839214232506
4,0f934ad189ed44091c7354b4f0168599a886f9229b910fd601be45dbf1e092fd,1757084982.670321,6f26703a-7af9-4d6b-b3cc-12e56bb71dbf,1757084982.6694882,Room_2_light_001,Room_2,light,212.04122911103974
4,0f934ad189ed44091c7354b4f0168599a886f9229b910fd601be45dbf1e092fd,1757084982.670321,f7b12764-1186-4204-a8b4-1456ff8d8526,1757084982.669508,Room_1_motion_001,Room_1,motion,1.847937900372662
4,0f934ad189ed44091c7354b4f0168599a886f9229b910fd601be45dbf1e092fd,1757084982.670321,f1672769-ffc8-4033-b1fe-85124e9e8fab,1757084982.669527,Room_2_motion_001,Room_2,motion,0.3849734900305926
4,0f934ad189ed44091c7354b4f0168599a886f9229b910fd601be45dbf1e092fd,1757084982.670321,43e16ac6-1309-4157-a0dc-e2534847b07f,1757084982.669546,Room_2_motion_001,Room_2,motion,-0.29456264992785736
4,0f934ad189ed44091c7354b4f0168599a886f9229b910fd601be45dbf1e092fd,1757084982.670321,287a64a5-9349-4cf7-b380-1a9707cc5bba,1757084982.669565,Room_1_motion_001,Room_1,motion,1.5090428240313696
4,0f934ad189ed44091c7354b4f0168599a886f9229b910fd601be45dbf1e092fd,1757084982.670321,4108909c-15d2-4e51-9ffc-0204c4dd2d17,1757084982.6695838,Room_2_motion_001,Room_2,motion,-1.3352656856485776
4,0f934ad189ed44091c7354b4f0168599a886f9229b910fd601be45dbf1e092fd,1757084982.670321,66bfd795-db15-4aa6-842a-8ea45d18cfe0,1757084982.669603,Room_1_motion_001,Room_1,motion,0.1676680940506588
4,0f934ad189ed44091c7354b4f0168599a886f9229b910fd601be45dbf1e092fd,1757084982.670321,42ca5910-7afe-4bac-9e49-d5fb8a2672f3,1757084982.669622,Room_1_motion_001,Room_1,motion,0.5626232187580497
4,0f934ad189ed44091c7354b4f0168599a886f9229b910fd601be45dbf1e092fd,1757084982.670321,856fdd6b-cf2b-4b72-b487-dc291b17f0e7,1757084982.6696398,Room_2_motion_001,Room_2,motion,-0.6617681994188775
4,0f934ad189ed44091c7354b4f0168599a886f9229b910fd601be45dbf1e092fd,1757084982.670321,fa208948-5d3c-4445-ad12-dae1594f3d8b,1757084982.669659,Room_2_air_001,Room_2,air_quality,30.868459886358373
4,0f934ad189ed44091c7354b4f0168599a886f9229b910fd601be45dbf1e092fd,1757084982.670321,51576681-809a-4c97-b248-266b35ed4b9a,1757084982.669678,Room_2_temp_001,Room_2,temperature,21.69990750600129
4,0f934ad189ed44091c7354b4f0168599a886f9229b910fd601be45dbf1e092fd,1757084982.670321,52727f2e-c1ee-4025-85c7-81f68933e8a6,1757084982.669697,Room_2_light_001,Room_2,light,34.172386167913274
4,0f934ad189ed44091c7354b4f0168599a886f9229b910fd601be45dbf1e092fd,1757084982.670321,bc916c51-b5ed-47d9-b697-0fd20a0ace25,1757084982.669716,Room_2_humidity_001,Room_2,humidity,46.583941250822264
4,0f934ad189ed44091c7354b4f0168599a886f9229b910fd601be45dbf1e092fd,1757084982.670321,3ecda7d7-9fca-4a5e-8590-9fc7277647ba,1757084982.669735,Room_1_humidity_001,Room_1,humidity,56.91111250495056
4,0f934ad189ed44091c7354b4f0168599a886f9229b910fd601be45dbf1e092fd,1757084982.670321,6d8b5068-25b0-4e9a-8b36-1c7dc74ff80e,1757084982.669753,Room_2_motion_001,Room_2,motion,-1.380645715804317
4,0f934ad189ed44091c7354b4f0168599a886f9229b910fd601be45dbf1e092fd,1757084982.670321,5fe4cc2f-04ae-4f20-b0ad-520d46e0feaa,1757084982.6697721,Room_1_air_001,Room_1,air_quality,14.172971983796058
4,0f934ad189ed44091c7354b4f0168599a886f9229b910fd601be45dbf1e092fd,1757084982.670321,59adc171-786b-4f00-ae24-8a24d50ae811,1757084982.669791,Room_1_light_001,Room_1,light,10.04358377796307
4,0f934ad189ed44091c7354b4f0168599a886f9229b910fd601be45dbf1e092fd,1757084982.670321,2d143689-aa92-4425-b36f-5f52f50cc4be,1757084982.6698098,Room_1_temp_001,Room_1,temperature,21.528697246620574
4,0f934ad189ed44091c7354b4f0168599a886f9229b910fd601be45dbf1e092fd,1757084982.670321,ab67bb0c-d2d4-420d-a51f-867f1a83875b,1757084982.6698291,Room_1_motion_001,Room_1,motion,-0.02375860121168047
4,0f934ad189ed44091c7354b4f0168599a886f9229b910fd601be45dbf1e092fd,1757084982.670321,2fa5ee19-f7dc-4eb4-97b6-bf6c87c9393c,1757084982.669848,Room_1_motion_001,Room_1,motion,0.6107935435047842
4,0f934ad189ed44091c7354b4f0168599a886f9229b910fd601be45dbf1e092fd,1757084982.670321,6a9223df-f7a1-4ae9-970f-02272250e772,1757084982.669867,Room_2_motion_001,Room_2,motion,0.22877806792482824
4,0f934ad189ed44091c7354b4f0168599a886f9229b910fd601be45dbf1e092fd,1757084982.670321,cefe1eac-93be-41f0-a955-a27a3190b8cc,1757084982.6698859,Room_1_motion_001,Room_1,motion,1.317405789260225
4,0f934ad189ed44091c7354b4f0168599a886f9229b910fd601be45dbf1e092fd,1757084982.670321,888555af-c601-4cb1-815c-c72c148ee4bd,1757084982.669905,Room_2_motion_001,Room_2,motion,-5.286673383270777
4,0f934ad189ed44091c7354b4f0168599a886f9229b910fd601be45dbf1e092fd,1757084982.670321,c4ee40d5-274d-412f-b9be-db29ea8e1637,1757084982.669924,Room_1_motion_001,Room_1,motion,0.739293989215464
4,0f934ad189ed44091c7354b4f0168599a886f9229b910fd601be45dbf1e092fd,1757084982.670321,d5287986-cc70-42ba-80e7-bd36d3890f83,1757084982.669943,Room_2_motion_001,Room_2,motion,0.07405248186035525
4,0f934ad189ed44091c7354b4f0168599a886f9229b910fd601be45dbf1e092fd,1757084982.670321,39cee593-5a60-49e4-9146-407bd8ffaa93,1757084982.669962,Room_2_motion_001,Room_2,motion,-0.6981228371158669
4,0f934ad189ed44091c7354b4f0168599a886f9229b910fd601be45dbf1e092fd,1757084982.670321,a32cecbc-e889-413a-81b9-9e1d92a3468e,1757084982.669981,Room_1_motion_001,Room_1,motion,-1.4351278629288289
4,0f934ad189ed44091c7354b4f0168599a886f9229b910fd601be45dbf1e092fd,1757084982.670321,5429fa7d-6f80-494b-be53-7289cca3d936,1757084982.67,Room_1_light_001,Room_1,light,29.933908871814403
4,0f934ad189ed44091c7354b4f0168599a886f9229b910fd601be45dbf1e092fd,1757084982.670321,8d0bd27a-150f-4f5e-9ee4-5cd8f93022ad,1757084982.6700191,Room_1_motion_001,Room_1,motion,1.4876245285444312
4,0f934ad189ed44091c7354b4f0168599a886f9229b910fd601be45dbf1e092fd,1757084982.670321,3f4f7d51-eaa3-4bbe-a828-4228f1f4e6a7,1757084982.670037,Room_2_motion_001,Room_2,motion,-4.580135182484887
4,0f934ad189ed44091c7354b4f0168599a886f9229b910fd601be45dbf1e092fd,1757084982.670321,949f68fb-bb04-48e5-b499-89b39b2d1c20,1757084982.6700559,Room_2_light_001,Room_2,light,42.785070225849665
4,0f934ad189ed44091c7354b4f0168599a886f9229b910fd601be45dbf1e092fd,1757084982.670321,7bb4e00b-60f1-4fa4-91b6-9e2270e190a8,1757084982.670075,Room_2_motion_001,Room_2,motion,0.2874850702284875
4,0f934ad189ed44091c7354b4f0168599a886f9229b910fd601be45dbf1e092fd,1757084982.670321,16488c5e-6419-4580-9f33-cead4ae9e2e7,1757084982.670094,Room_1_motion_001,Room_1,motion,-0.14166813546855
4,0f934ad189ed44091c7354b4f0168599a886f9229b910fd601be45dbf1e092fd,1757084982.670321,6fbed95a-40c2-41b2-8397-f81d39e06d6b,1757084982.670113,Room_1_motion_001,Room_1,motion,3.2155090953889243
4,0f934ad189ed44091c7354b4f0168599a886f9229b910fd601be45dbf1e092fd,1757084982.670321,ddb7b736-8692-437e-b6a6-c9eb490b88c8,1757084982.670131,Room_2_motion_001,Room_2,motion,-0.5145491261242594
4,0f934ad189ed44091c7354b4f0168599a886f9229b910fd601be45dbf1e092fd,1757084982.670321,4ed36de1-531d-453b-9436-a78eddc16f54,1757084982.6701498,Room_1_motion_001,Room_1,motion,1.0450393309179355
4,0f934ad189ed44091c7354b4f0168599a886f9229b910fd601be45dbf1e092fd,1757084982.670321,bb7db09f-7c99-47e0-86be-edc3ff279e23,1757084982.670169,Room_2_motion_001,Room_2,motion,-0.028552927400243622
4,0f934ad189ed44091c7354b4f0168599a886f9229b910fd601be45dbf1e092fd,1757084982.670321,97c3bab1-4331-4013-bfac-703b0f3fd67f,1757084982.670188,Room_1_motion_001,Room_1,motion,-0.8731557945028673
4,0f934ad189ed44091c7354b4f0168599a886f9229b910fd601be45dbf1e092fd,1757084982.670321,80297ff7-83b5-4027-ad75-823d8dac48e9,1757084982.670207,Room_2_motion_001,Room_2,motion,1.0269911492876884
4,0f934ad189ed44091c7354b4f0168599a886f9229b910fd601be45dbf1e092fd,1757084982.670321,6f579857-a673-45a0-87e5-f0f21796b4bf,1757084982.6702259,Room_2_motion_001,Room_2,motion,-0.6380847740215262
4,0f934ad189ed44091c7354b4f0168599a886f9229b910fd601be45dbf1e092fd,1757084982.670321,6f0ad5ee-5be8-4da0-ba35-cc485ef984bb,1757084982.670244,Room_2_light_001,Room_2,light,211.49857876960206
4,0f934ad189ed44091c7354b4f0168599a886f9229b910fd601be45dbf1e092fd,1757084982.670321,37a8213b-f570-4c37-a6bc-b377a70a95b3,1757084982.670263,Room_1_light_001,Room_1,light,52.56371588162669
4,0f934ad189ed44091c7354b4f0168599a886f9229b910fd601be45dbf1e092fd,1757084982.670321,f7be3782-43e3-4f3e-9b2b-71b8df5dc4bb,1757084982.670282,Room_1_motion_001,Room_1,motion,-0.7796526951023905
4,0f934ad189ed44091c7354b4f0168599a886f9229b910fd601be45dbf1e092fd,1757084982.670321,db048c5b-763d-40b8-98e7-c484f4f9d38e,1757084982.670301,Room_2_motion_001,Room_2,motion,-1.5342784304717476
4,0f934ad189ed44091c7354b4f0168599a886f9229b910fd601be45dbf1e092fd,1757084982.670321,908530e0-5d8f-4f00-a549-339014824d5f,1757084982.67032,Room_1_motion_001,Room_1,motion,0.9631847460618529
5,0fe49f3839154f3a510f5992affee8ca5357f31c8be2c529251dac9df33a09bf,1757084982.671992,518ab2ba-aee7-4cc1-8cf8-312c10bad38a,1757084982.670763,Room_1_motion_001,Room_1,motion,0.2748414915532286
5,0fe49f3839154f3a510f5992affee8ca5357f31c8be2c529251dac9df33a09bf,1757084982.671992,2a115ee1-19e5-4ed2-81d3-7ba1ddcfd79e,1757084982.670787,Room_2_motion_001,Room_2,motion,-1.8854793982827687
5,0fe49f3839154f3a510f5992affee8ca5357f31c8be2c529251dac9df33a09bf,1757084982.671992,5cc96739-e2e9-4caf-8199-5f4d030c49f7,1757084982.670809,Room_1_motion_001,Room_1,motion,-0.205307891203501
5,0fe49f3839154f3a510f5992affee8ca5357f31c8be2c529251dac9df33a09bf,1757084982.671992,4cf3e9d4-7889-470f-9b25-0a504671b461,1757084982.6708312,Room_2_motion_001,Room_2,motion,0.13645270674448673
5,0fe49f3839154f3a510f5992affee8ca5357f31c8be2c529251dac9df33a09bf,1757084982.671992,f62e3958-a77c-4292-b966-12f52176dd04,1757084982.6708531,Room_1_motion_001,Room_1,motion,0.3808442920395764
5,0fe49f3839154f3a510f5992affee8ca5357f31c8be2c529251dac9df33a09bf,1757084982.671992,c6d29f5e-6957-44aa-88b4-a06a48e04c40,1757084982.670874,Room_2_motion_001,Room_2,motion,0.09750677261975553
5,0fe49f3839154f3a510f5992affee8ca5357f31c8be2c529251dac9df33a09bf,1757084982.671992,de9f9f3a-ced9-40bc-8d17-c24b7c919d44,1757084982.6708941,Room_1_temp_001,Room_1,temperature,21.270390328932464
5,0fe49f3839154f3a510f5992affee8ca5357f31c8be2c529251dac9df33a09bf,1757084982.671992,ce4387f4-1fcf-41a3-a5ec-898a3125129b,1757084982.670914,Room_2_motion_001,Room_2,motion,-0.9883672987221908
5,0fe49f3839154f3a510f5992affee8ca5357f31c8be2c529251dac9df33a09bf,1757084982.671992,8094313e-9e03-44ba-aa8c-a87b9c5554be,1757084982.670933,Room_2_light_001,Room_2,light,-3.813653322640944
5,0fe49f3839154f3a510f5992affee8ca5357f31c8be2c529251dac9df33a09bf,1757084982.671992,81a4f511-f203-4220-84ea-244ed029382b,1757084982.670953,Room_1_light_001,Room_1,light,259.3257752918767
5,0fe49f3839154f3a510f5992affee8ca5357f31c8be2c529251dac9df33a09bf,1757084982.671992,e3ca499d-1392-4c5c-bb56-bf02a9c675c6,1757084982.6709719,Room_1_humidity_001,Room_1,humidity,55.98988516370181
5,0fe49f3839154f3a510f5992affee8ca5357f31c8be2c529251dac9df33a09bf,1757084982.671992,67043ca7-a6b5-4f99-9b2d-10610991a9e3,1757084982.67099,Room_2_humidity_001,Room_2,humidity,44.78478945122314
5,0fe49f3839154f3a510f5992affee8ca5357f31c8be2c529251dac9df33a09bf,1757084982.671992,d99bc476-d141-4fd7-8095-64cb7c0c1a15,1757084982.671009,Room_2_temp_001,Room_2,temperature,23.310987177435692
5,0fe49f3839154f3a510f5992affee8ca5357f31c8be2c529251dac9df33a09bf,1757084982.671992,c5247a62-596b-446d-989c-c451a7654484,1757084982.671028,Room_1_motion_001,Room_1,motion,0.8424471344665985
5,0fe49f3839154f3a510f5992affee8ca5357f31c8be2c529251dac9df33a09bf,1757084982.671992,7c320484-e7de-4fc8-9c28-9a72326fc9fb,1757084982.671048,Room_2_motion_001,Room_2,motion,-1.8686818142346187
5,0fe49f3839154f3a510f5992affee8ca5357f31c8be2c529251dac9df33a09bf,1757084982.671992,0a880c5b-e841-412b-abd8-4e67e685fe12,1757084982.671068,Room_1_motion_001,Room_1,motion,-1.1634567363136783
5,0fe49f3839154f3a510f5992affee8ca5357f31c8be2c529251dac9df33a09bf,1757084982.671992,201a6e4b-00c9-4daf-b163-648c29e89877,1757084982.671089,Room_1_motion_001,Room_1,motion,1.189805284198079
5,0fe49f3839154f3a510f5992affee8ca5357f31c8be2c529251dac9df33a09bf,1757084982.671992,dfe6c736-8b3d-431f-af49-d2e8990bcc7b,1757084982.6711092,Room_2_motion_001,Room_2,motion,-0.016694402027654626
5,0fe49f3839154f3a510f5992affee8ca5357f31c8be2c529251dac9df33a09bf,1757084982.671992,3cbff7e6-5346-4722-841f-7191e9d3968d,1757084982.671128,Room_1_motion_001,Room_1,motion,1.1557869712489002
5,0fe49f3839154f3a510f5992affee8ca5357f31c8be2c529251dac9df33a09bf,1757084982.671992,7fd02f48-45d4-4507-8bbc-bce7983be297,1757084982.671147,Room_2_motion_001,Room_2,motion,-0.022919271756852284
5,0fe49f3839154f3a510f5992affee8ca5357f31c8be2c529251dac9df33a09bf,1757084982.671992,38c9b1ed-de6e-49f3-80c8-9e80faaf4e6b,1757084982.671167,Room_1_motion_001,Room_1,motion,-0.14868008570305483
5,0fe49f3839154f3a510f5992affee8ca5357f31c8be2c529251dac9df33a09bf,1757084982.671992,edab9e1d-e200-49c2-b5eb-c992692ee355,1757084982.671277,Room_2_motion_001,Room_2,motion,1.372716415703806
5,0fe49f3839154f3a510f5992affee8ca5357f31c8be2c529251dac9df33a09bf,1757084982.671992,f6944d32-8a39-4e37-9127-42e62e4a694f,1757084982.671335,Room_2_light_001,Room_2,light,77.8144923044318
5,0fe49f3839154f3a510f5992affee8ca5357f31c8be2c529251dac9df33a09bf,1757084982.671992,9afc5e29-cc55-4b71-87e9-876a21243c7e,1757084982.671391,Room_1_light_001,Room_1,light,12.761814091024444
5,0fe49f3839154f3a510f5992affee8ca5357f31c8be2c529251dac9df33a09bf,1757084982.671992,fb543a9d-04d1-4d53-bbe3-ab4e218a5791,1757084982.671422,Room_1_motion_001,Room_1,motion,0.139452992566219
5,0fe49f3839154f3a510f5992affee8ca5357f31c8be2c529251dac9df33a09bf,1757084982.671992,83c81035-838c-4c0d-8e33-d7497d8f04a3,1757084982.671448,Room_2_motion_001,Room_2,motion,2.1336791359031064
5,0fe49f3839154f3a510f5992affee8ca5357f31c8be2c529251dac9df33a09bf,1757084982.671992,b369ad78-9cda-4af7-8037-7cbd208528aa,1757084982.671472,Room_1_motion_001,Room_1,motion,0.5799765511462283
5,0fe49f3839154f3a510f5992affee8ca5357f31c8be2c529251dac9df33a09bf,1757084982.671992,6b9bd93d-0785-4865-a6b1-d250bfe9162c,1757084982.671495,Room_2_motion_001,Room_2,motion,0.8299675119507113
5,0fe49f3839154f3a510f5992affee8ca5357f31c8be2c529251dac9df33a09bf,1757084982.671992,28e6282d-7432-4c27-a016-a6ab52bd12bb,1757084982.6715178,Room_1_motion_001,Room_1,motion,-3.31988756469746
5,0fe49f3839154f3a510f5992affee8ca5357f31c8be2c529251dac9df33a09bf,1757084982.671992,fbef4d59-c31d-451a-b5ca-4e494e96104b,1757084982.6715388,Room_2_motion_001,Room_2,motion,-1.2946189459845308
5,0fe49f3839154f3a510f5992affee8ca5357f31c8be2c529251dac9df33a09bf,1757084982.671992,03af54ae-5241-4d4d-b634-10428e5f4bfa,1757084982.671561,Room_1_motion_001,Room_1,motion,1.4353489599951754
5,0fe49f3839154f3a510f5992affee8ca5357f31c8be2c529251dac9df33a09bf,1757084982.671992,54d67e8e-2060-4be5-8437-b61d2f3850c5,1757084982.671583,Room_2_motion_001,Room_2,motion,2.3948786427677513
5,0fe49f3839154f3a510f5992affee8ca5357f31c8be2c529251dac9df33a09bf,1757084982.671992,244893d2-b126-4bf3-9583-b5a97bc39351,1757084982.671604,Room_1_motion_001,Room_1,motion,0.0011081046056437812
5,0fe49f3839154f3a510f5992affee8ca5357f31c8be2c529251dac9df33a09bf,1757084982.671992,f4117808-f2c9-48fb-947c-380b07ec33a2,1757084982.671648,Room_2_motion_001,Room_2,motion,0.8500293856182755
5,0fe49f3839154f3a510f5992affee8ca5357f31c8be2c529251dac9df33a09bf,1757084982.671992,4bb0fbeb-4b7c-45dd-a5ea-d32ab07e56b9,1757084982.6716921,Room_1_light_001,Room_1,light,266.50915048072306
5,0fe49f3839154f3a510f5992affee8ca5357f31c8be2c529251dac9df33a09bf,1757084982.671992,eb1a1276-be2d-402c-b321-0efc13093307,1757084982.671713,Room_1_motion_001,Room_1,motion,-1.6142159110550511
5,0fe49f3839154f3a510f5992affee8ca5357f31c8be2c529251dac9df33a09bf,1757084982.671992,8162afe8-ce4f-4fe1-af78-f1bb2e1e9342,1757084982.671733,Room_2_light_001,Room_2,light,7.745944667286901
5,0fe49f3839154f3a510f5992affee8ca5357f31c8be2c529251dac9df33a09bf,1757084982.671992,95192c79-23db-4575-8f71-2af7521b372e,1757084982.671753,Room_2_motion_001,Room_2,motion,-0.10230353512065844
5,0fe49f3839154f3a510f5992affee8ca5357f31c8be2c529251dac9df33a09bf,1757084982.671992,9023a3e8-879e-4aa5-94e2-6646b577eb31,1757084982.671773,Room_2_motion_001,Room_2,motion,0.6251402445643802
5,0fe49f3839154f3a510f5992affee8ca5357f31c8be2c529251dac9df33a09bf,1757084982.671992,bcb8e2a8-b2af-420d-8053-a4d48fcf61d5,1757084982.671793,Room_1_motion_001,Room_1,motion,-1.8418046904662304
5,0fe49f3839154f3a510f5992affee8ca5357f31c8be2c529251dac9df33a09bf,1757084982.671992,9141833c-9a51-40f1-900a-9ca4cd47fa53,1757084982.671812,Room_2_motion_001,Room_2,motion,-0.06934406848577825
5,0fe49f3839154f3a510f5992affee8ca5357f31c8be2c529251dac9df33a09bf,1757084982.671992,92d3560e-a174-4b27-8418-c938863382bf,1757084982.671833,Room_1_motion_001,Room_1,motion,-0.07223227307383315
5,0fe49f3839154f3a510f5992affee8ca5357f31c8be2c529251dac9df33a09bf,1757084982.671992,22f52f6e-345e-4712-b3f5-5de74726d91f,1757084982.671853,Room_2_motion_001,Room_2,motion,-0.08143660661879044
5,0fe49f3839154f3a510f5992affee8ca5357f31c8be2c529251dac9df33a09bf,1757084982.671992,da6fa5d0-a2b0-4e74-8a86-81266a007c90,1757084982.671872,Room_1_motion_001,Room_1,motion,-0.03250124832548784
5,0fe49f3839154f3a510f5992affee8ca5357f31c8be2c529251dac9df33a09bf,1757084982.671992,6cd97873-386a-48d7-86f8-d656028434d1,1757084982.671892,Room_2_motion_001,Room_2,motion,0.04983232022183526
5,0fe49f3839154f3a510f5992affee8ca5357f31c8be2c529251dac9df33a09bf,1757084982.671992,243c582d-2bec-48cb-9d08-fbf4e11d0aaf,1757084982.671912,Room_1_motion_001,Room_1,motion,-0.10218574289324282
5,0fe49f3839154f3a510f5992affee8ca5357f31c8be2c529251dac9df33a09bf,1757084982.671992,1ca937cf-b4b9-4b93-80a1-c3ca01c9935a,1757084982.6719308,Room_1_air_001,Room_1,air_quality,18.495266947319713
5,0fe49f3839154f3a510f5992affee8ca5357f31c8be2c529251dac9df33a09bf,1757084982.671992,b4444a49-c63a-4866-aa02-43f9a1a866c1,1757084982.671951,Room_1_humidity_001,Room_1,humidity,53.81307995607803
5,0fe49f3839154f3a510f5992affee8ca5357f31c8be2c529251dac9df33a09bf,1757084982.671992,b7d623b2-c44a-4d86-8f50-b8a8c451cf16,1757084982.671971,Room_2_motion_001,Room_2,motion,-1.1970857616537809
5,0fe49f3839154f3a510f5992affee8ca5357f31c8be2c529251dac9df33a09bf,1757084982.671992,10717631-728c-48fe-9cc8-c3653df68eef,1757084982.671991,Room_1_motion_001,Room_1,motion,-0.31276616794682893
6,0bab3b63b320fd1c9b7688a3a07a4713d814ccda5755de572539a88b8261a1ff,1757084982.674738,7700e5b3-c9da-4dbc-8702-6c537a0266ed,1757084982.673632,Room_1_temp_001,Room_1,temperature,20.700035450788594
6,0bab3b63b320fd1c9b7688a3a07a4713d814ccda5755de572539a88b8261a1ff,1757084982.674738,1dfa2397-f01e-4fd4-afcd-f74fb37b2bc0,1757084982.6736572,Room_2_air_001,Room_2,air_quality,17.25760506681647
6,0bab3b63b320fd1c9b7688a3a07a4713d814ccda5755de572539a88b8261a1ff,1757084982.674738,2dba6216-4766-416d-9fa5-8432eacd3b8c,1757084982.673679,Room_2_humidity_001,Room_2,humidity,45.68146734727497
6,0bab3b63b320fd1c9b7688a3a07a4713d814ccda5755de572539a88b8261a1ff,1757084982.674738,aac25c54-cb07-4164-901a-2c3aaa0baa05,1757084982.673701,Room_2_temp_001,Room_2,temperature,19.666912885736924
6,0bab3b63b320fd1c9b7688a3a07a4713d814ccda5755de572539a88b8261a1ff,1757084982.674738,41913b0f-a0f6-4fea-859e-ecaeee4c9f7a,1757084982.673722,Room_1_light_001,Room_1,light,252.56924846140706
6,0bab3b63b320fd1c9b7688a3a07a4713d814ccda5755de572539a88b8261a1ff,1757084982.674738,875ce83b-1cbb-4980-8fb2-6f0a86ccb5ad,1757084982.673742,Room_2_light_001,Room_2,light,92.18661375094503
6,0bab3b63b320fd1c9b7688a3a07a4713d814ccda5755de572539a88b8261a1ff,1757084982.674738,b0eddb8e-39e5-4238-91a8-1255cb87e8ff,1757084982.673762,Room_1_motion_001,Room_1,motion,3.009562231341958
6,0bab3b63b320fd1c9b7688a3a07a4713d814ccda5755de572539a88b8261a1ff,1757084982.674738,8af45110-d3d4-49ef-9ff4-84e0459b8e3a,1757084982.673783,Room_2_motion_001,Room_2,motion,0.18907420428752347
6,0bab3b63b320fd1c9b7688a3a07a4713d814ccda5755de572539a88b8261a1ff,1757084982.674738,7d45aca6-245f-4cc1-aed8-8d89d9e39337,1757084982.673803,Room_1_motion_001,Room_1,motion,0.8268189402564946
6,0bab3b63b320fd1c9b7688a3a07a4713d814ccda5755de572539a88b8261a1ff,1757084982.674738,7f1dd084-0c76-42ba-9af2-6ff47441099a,1757084982.6738229,Room_2_motion_001,Room_2,motion,-0.05758578620696592
6,0bab3b63b320fd1c9b7688a3a07a4713d814ccda5755de572539a88b8261a1ff,1757084982.674738,d8a03f81-4b5e-4362-aa7a-59682a1b56f1,1757084982.673843,Room_1_motion_001,Room_1,motion,0.817177460419873
6,0bab3b63b320fd1c9b7688a3a07a4713d814ccda5755de572539a88b8261a1ff,1757084982.674738,680108b0-922d-43af-bc95-a804c5ad46c6,1757084982.673862,Room_2_motion_001,Room_2,motion,-0.9550729492161159
6,0bab3b63b320fd1c9b7688a3a07a4713d814ccda5755de572539a88b8261a1ff,1757084982.674738,f626cd6c-11fb-43d5-9dc6-8f52641fcc2a,1757084982.673881,Room_1_motion_001,Room_1,motion,-1.4275853523568116
6,0bab3b63b320fd1c9b7688a3a07a4713d814ccda5755de572539a88b8261a1ff,1757084982.674738,60f02237-74e9-4c8f-a59a-791f06abb856,1757084982.6739001,Room_2_motion_001,Room_2,motion,-0.13848034451924596
6,0bab3b63b320fd1c9b7688a3a07a4713d814ccda5755de572539a88b8261a1ff,1757084982.674738,ed6d4ae5-b123-442d-a600-5a7b5ffcea1c,1757084982.673918,Room_2_light_001,Room_2,light,248.46137724349336
6,0bab3b63b320fd1c9b7688a3a07a4713d814ccda5755de572539a88b8261a1ff,1757084982.674738,af9a050a-02ed-4045-a986-a13cd75ddde8,1757084982.6739368,Room_2_motion_001,Room_2,motion,0.9648628792674789
6,0bab3b63b320fd1c9b7688a3a07a4713d814ccda5755de572539a88b8261a1ff,1757084982.674738,3833c839-a9d2-4e3f-bed3-646631ed12b9,1757084982.6739562,Room_1_light_001,Room_1,light,89.95861052238742
6,0bab3b63b320fd1c9b7688a3a07a4713d814ccda5755de572539a88b8261a1ff,1757084982.674738,fbb458a8-06f5-482e-8f09-83e24fb65a65,1757084982.673974,Room_1_motion_001,Room_1,motion,-1.5446719042815904
6,0bab3b63b320fd1c9b7688a3a07a4713d814ccda5755de572539a88b8261a1ff,1757084982.674738,6febfad4-d3a1-4386-a828-8be9709a1230,1757084982.6739929,Room_1_motion_001,Room_1,motion,1.2426472425218462
6,0bab3b63b320fd1c9b7688a3a07a4713d814ccda5755de572539a88b8261a1ff,1757084982.674738,f960a89e-3381-4968-a7f8-03b634e13727,1757084982.674012,Room_2_motion_001,Room_2,motion,1.261603834722425
6,0bab3b63b320fd1c9b7688a3a07a4713d814ccda5755de572539a88b8261a1ff,1757084982.674738,8c4b4761-5e30-4951-b7f4-d95c48fdbb0f,1757084982.674031,Room_1_motion_001,Room_1,motion,-3.739485882238543
6,0bab3b63b320fd1c9b7688a3a07a4713d814ccda5755de572539a88b8261a1ff,1757084982.674738,f63bf840-2536-4aba-9c3a-019470467465,1757084982.674083,Room_2_motion_001,Room_2,motion,-7.268387344143967
6,0bab3b63b320fd1c9b7688a3a07a4713d814ccda5755de572539a88b8261a1ff,1757084982.674738,4c54a8c7-15a2-417a-885d-3672a3fcee85,1757084982.674149,Room_1_motion_001,Room_1,motion,-0.5576084550350154
6,0bab3b63b320fd1c9b7688a3a07a4713d814ccda5755de572539a88b8261a1ff,1757084982.674738,00017211-1361-478d-be7c-aa0a4b2cc33a,1757084982.674182,Room_2_motion_001,Room_2,motion,0.666738600499391
6,0bab3b63b320fd1c9b7688a3a07a4713d814ccda5755de572539a88b8261a1ff,1757084982.674738,a27eae80-3e80-47b0-9a68-55587eb1a72a,1757084982.674206,Room_1_motion_001,Room_1,motion,0.947280071011947
6,0bab3b63b320fd1c9b7688a3a07a4713d814ccda5755de572539a88b8261a1ff,1757084982.674738,87eff5fc-a451-491d-8068-f40cf66e9a0a,1757084982.674229,Room_2_motion_001,Room_2,motion,-0.21928513744612302
6,0bab3b63b320fd1c9b7688a3a07a4713d814ccda5755de572539a88b8261a1ff,1757084982.674738,93a154ef-fa66-4c41-a9d3-27c87442d2a2,1757084982.67425,Room_2_motion_001,Room_2,motion,-0.6762168488644534
6,0bab3b63b320fd1c9b7688a3a07a4713d814ccda5755de572539a88b8261a1ff,1757084982.674738,ab3f04eb-2788-43a7-978b-b270c0c82a4b,1757084982.6742709,Room_1_motion_001,Room_1,motion,1.4058280688238338
6,0bab3b63b320fd1c9b7688a3a07a4713d814ccda5755de572539a88b8261a1ff,1757084982.674738,32eb5e5d-1183-4b6a-b43f-cc458ff79ca1,1757084982.674291,Room_2_light_001,Room_2,light,49.974705328158485
6,0bab3b63b320fd1c9b7688a3a07a4713d814ccda5755de572539a88b8261a1ff,1757084982.674738,6c545224-82c0-4d5a-8a6b-9b050708d90d,1757084982.674311,Room_1_light_001,Room_1,light,40.27736489988988
6,0bab3b63b320fd1c9b7688a3a07a4713d814ccda5755de572539a88b8261a1ff,1757084982.674738,b3489737-4da2-41fc-9107-8716608a09de,1757084982.67433,Room_2_motion_001,Room_2,motion,-1.215158856991986
6,0bab3b63b320fd1c9b7688a3a07a4713d814ccda5755de572539a88b8261a1ff,1757084982.674738,ca0091d7-e880-48a8-b3c9-1472b54437eb,1757084982.67435,Room_1_motion_001,Room_1,motion,0.8805339633785898
6,0bab3b63b320fd1c9b7688a3a07a4713d814ccda5755de572539a88b8261a1ff,1757084982.674738,a228dd92-813a-43d6-8cc3-387c291a7e76,1757084982.67437,Room_2_motion_001,Room_2,motion,-0.28475487987462444
6,0bab3b63b320fd1c9b7688a3a07a4713d814ccda5755de572539a88b8261a1ff,1757084982.674738,d574782e-074d-47a4-8398-4d37139f0c3d,1757084982.67439,Room_1_motion_001,Room_1,motion,0.30947275326977125
6,0bab3b63b320fd1c9b7688a3a07a4713d814ccda5755de572539a88b8261a1ff,1757084982.674738,74c1edd9-10d9-4213-b97e-9f224b8c7fcd,1757084982.6744099,Room_2_motion_001,Room_2,motion,-0.09385759110301302
6,0bab3b63b320fd1c9b7688a3a07a4713d814ccda5755de572539a88b8261a1ff,1757084982.674738,233eb942-9444-4701-9e21-e37b1543a7ec,1757084982.67443,Room_1_motion_001,Room_1,motion,0.10306419004379586
6,0bab3b63b320fd1c9b7688a3a07a4713d814ccda5755de572539a88b8261a1ff,1757084982.674738,c0602fa3-ce20-413f-a8ef-a0cd1f349610,1757084982.67445,Room_1_motion_001,Room_1,motion,1.3694587280935027
6,0bab3b63b320fd1c9b7688a3a07a4713d814ccda5755de572539a88b8261a1ff,1757084982.674738,b442ce69-df9e-47d7-8405-9574919a13de,1757084982.6744692,Room_2_motion_001,Room_2,motion,1.53564348587591
6,0bab3b63b320fd1c9b7688a3a07a4713d814ccda5755de572539a88b8261a1ff,1757084982.674738,5a618822-8aa3-4b22-bf43-82ed119293ea,1757084982.674489,Room_2_humidity_001,Room_2,humidity,42.21932750146002
6,0bab3b63b320fd1c9b7688a3a07a4713d814ccda5755de572539a88b8261a1ff,1757084982.674738,a337f8ad-7d80-413e-a549-b6cfc8ade531,1757084982.674509,Room_1_motion_001,Room_1,motion,-1.0816074891145753
6,0bab3b63b320fd1c9b7688a3a07a4713d814ccda5755de572539a88b8261a1ff,1757084982.674738,088454c5-e3b9-49de-893c-715503bd018a,1757084982.674529,Room_1_light_001,Room_1,light,58.000701846277956
6,0bab3b63b320fd1c9b7688a3a07a4713d814ccda5755de572539a88b8261a1ff,1757084982.674738,6b43e941-b7f0-4246-8e34-763d3a59df49,1757084982.674552,Room_2_temp_001,Room_2,temperature,21.93656007056969
6,0bab3b63b320fd1c9b7688a3a07a4713d814ccda5755de572539a88b8261a1ff,1757084982.674738,463a7751-b6d9-4b4f-b61e-8494d784cd3e,1757084982.6745741,Room_2_light_001,Room_2,light,10.321212537054308
6,0bab3b63b320fd1c9b7688a3a07a4713d814ccda5755de572539a88b8261a1ff,1757084982.674738,e9a161f0-c788-4979-88ac-bda607d3a86c,1757084982.6745942,Room_1_temp_001,Room_1,temperature,20.76081996631195
6,0bab3b63b320fd1c9b7688a3a07a4713d814ccda5755de572539a88b8261a1ff,1757084982.674738,1623c698-c1ab-420a-917a-830c9d1a7bf9,1757084982.6746292,Room_1_humidity_001,Room_1,humidity,56.07918316631642
6,0bab3b63b320fd1c9b7688a3a07a4713d814ccda5755de572539a88b8261a1ff,1757084982.674738,73a08ead-aa2b-4f41-879c-3c168a87a9c9,1757084982.674651,Room_2_motion_001,Room_2,motion,-0.5687274195111712
6,0bab3b63b320fd1c9b7688a3a07a4713d814ccda5755de572539a88b8261a1ff,1757084982.674738,df8869f7-dbd1-4ca9-8b67-dfebe2a68da5,1757084982.6746712,Room_2_motion_001,Room_2,motion,1.3266171444286288
6,0bab3b63b320fd1c9b7688a3a07a4713d814ccda5755de572539a88b8261a1ff,1757084982.674738,8aa0f7ea-1a29-4862-b740-b9504eef7aea,1757084982.674695,Room_1_motion_001,Room_1,motion,-1.557037096668403
6,0bab3b63b320fd1c9b7688a3a07a4713d814ccda5755de572539a88b8261a1ff,1757084982.674738,09b1e6d8-e19c-48fb-bd06-6464b945ef74,1757084982.674714,Room_2_motion_001,Room_2,motion,1.8065719687640607
6,0bab3b63b320fd1c9b7688a3a07a4713d814ccda5755de572539a88b8261a1ff,1757084982.674738,055f26ab-1a7e-445a-952d-2f47a7ba8013,1757084982.674734,Room_1_motion_001,Room_1,motion,-0.9459830504716669
7,0233f3bda7e4fd6529d825ac13dcb545710466fbb2810b7a07245b808caa3e87,1757084982.678158,5d96fd9a-164f-4b85-820d-289d6bc1d919,1757084982.677151,Room_1_motion_001,Room_1,motion,-0.008686901611977736
7,0233f3bda7e4fd6529d825ac13dcb545710466fbb2810b7a07245b808caa3e87,1757084982.678158,b7fe6446-1fa1-4b69-8039-4ec8a739909f,1757084982.6771772,Room_2_motion_001,Room_2,motion,0.05952843008492762
7,0233f3bda7e4fd6529d825ac13dcb545710466fbb2810b7a07245b808caa3e87,1757084982.678158,df66092a-0d65-4418-8ba9-8733a02ca4f8,1757084982.6771991,Room_1_motion_001,Room_1,motion,0.2195859745416553
7,0233f3bda7e4fd6529d825ac13dcb545710466fbb2810b7a07245b808caa3e87,1757084982.678158,7aaa5d8d-ff7b-4b3c-a29b-31eb5d3cfc37,1757084982.677234,Room_2_motion_001,Room_2,motion,1.4239394018433218
7,0233f3bda7e4fd6529d825ac13dcb545710466fbb2810b7a07245b808caa3e87,1757084982.678158,0c19e42c-e20d-44a2-9d80-a8e3a00473ef,1757084982.677259,Room_2_motion_001,Room_2,motion,1.130725551659174
7,0233f3bda7e4fd6529d825ac13dcb545710466fbb2810b7a07245b808caa3e87,1757084982.678158,ac62fa97-137a-4732-9ab0-36d593d660d3,1757084982.677278,Room_1_light_001,Room_1,light,50.622180076657706
7,0233f3bda7e4fd6529d825ac13dcb545710466fbb2810b7a07245b808caa3e87,1757084982.678158,6777b5e5-b333-47f8-84af-e776c20e861d,1757084982.6772978,Room_2_light_001,Room_2,light,288.5208434337289
7,0233f3bda7e4fd6529d825ac13dcb545710466fbb2810b7a07245b808caa3e87,1757084982.678158,83b61fc9-da10-4323-95e7-b2689d8da6d3,1757084982.6773288,Room_1_motion_001,Room_1,motion,0.46515803754994095
7,0233f3bda7e4fd6529d825ac13dcb545710466fbb2810b7a07245b808caa3e87,1757084982.678158,a3b55368-47ad-4799-ad37-1dac791444ca,1757084982.677349,Room_2_motion_001,Room_2,motion,1.3308191012073625
7,0233f3bda7e4fd6529d825ac13dcb545710466fbb2810b7a07245b808caa3e87,1757084982.678158,021743c8-8c19-43d9-941a-0656a5e0a460,1757084982.6773682,Room_1_motion_001,Room_1,motion,0.2862995646771058
7,0233f3bda7e4fd6529d825ac13dcb545710466fbb2810b7a07245b808caa3e87,1757084982.678158,37190949-2534-4e33-8e2d-f08b076a5c3d,1757084982.677388,Room_2_motion_001,Room_2,motion,-1.234213437882378
7,0233f3bda7e4fd6529d825ac13dcb545710466fbb2810b7a07245b808caa3e87,1757084982.678158,af069573-bf07-45da-a511-6be4a8df1e8b,1757084982.677407,Room_1_motion_001,Room_1,motion,0.14771554050916336
7,0233f3bda7e4fd6529d825ac13dcb545710466fbb2810b7a07245b808caa3e87,1757084982.678158,fa93fc0a-5845-4ea3-9642-141ad78ad887,1757084982.6774259,Room_2_motion_001,Room_2,motion,2.0675546325855283
7,0233f3bda7e4fd6529d825ac13dcb545710466fbb2810b7a07245b808caa3e87,1757084982.678158,6c7e33df-b64d-45ff-aac7-1079f8512dee,1757084982.677446,Room_1_motion_001,Room_1,motion,-0.9118843747899638
7,0233f3bda7e4fd6529d825ac13dcb545710466fbb2810b7a07245b808caa3e87,1757084982.678158,845fcf73-6d1c-4d13-97c5-0ba00bdc635e,1757084982.6774652,Room_2_motion_001,Room_2,motion,-0.5354420963924
7,0233f3bda7e4fd6529d825ac13dcb545710466fbb2810b7a07245b808caa3e87,1757084982.678158,de721121-c1cc-47c9-9eda-df526292198f,1757084982.677483,Room_1_motion_001,Room_1,motion,-0.5647392609128804
7,0233f3bda7e4fd6529d825ac13dcb545710466fbb2810b7a07245b808caa3e87,1757084982.678158,d2eafd18-2bdc-4f55-bf67-2fdce1c66495,1757084982.677502,Room_1_motion_001,Room_1,motion,1.0060317861568338
7,0233f3bda7e4fd6529d825ac13dcb545710466fbb2810b7a07245b808caa3e87,1757084982.678158,75a7a150-4476-47b1-972e-536ae8bf4b12,1757084982.677522,Room_2_light_001,Room_2,light,96.94080723005585
7,0233f3bda7e4fd6529d825ac13dcb545710466fbb2810b7a07245b808caa3e87,1757084982.678158,32b50f59-832b-4832-a696-3e4b62b714d3,1757084982.67754,Room_2_motion_001,Room_2,motion,-0.9113634441486371
7,0233f3bda7e4fd6529d825ac13dcb545710466fbb2810b7a07245b808caa3e87,1757084982.678158,604a5495-57d1-46c6-a758-0972e4b33e77,1757084982.6775591,Room_1_light_001,Room_1,light,93.60547628463334
7,0233f3bda7e4fd6529d825ac13dcb545710466fbb2810b7a07245b808caa3e87,1757084982.678158,56c1c953-d36e-4f4c-9aa6-0b8bcfcc6816,1757084982.677578,Room_2_motion_001,Room_2,motion,-0.052854304057508156
7,0233f3bda7e4fd6529d825ac13dcb545710466fbb2810b7a07245b808caa3e87,1757084982.678158,a3b0b591-8449-4840-a957-f6835efd3002,1757084982.677597,Room_1_motion_001,Room_1,motion,0.6451697450306252
7,0233f3bda7e4fd6529d825ac13dcb545710466fbb2810b7a07245b808caa3e87,1757084982.678158,afaa2707-fb7a-41ce-beeb-adedf1721b00,1757084982.6776161,Room_1_motion_001,Room_1,motion,-1.6414403493313594
7,0233f3bda7e4fd6529d825ac13dcb545710466fbb2810b7a07245b808caa3e87,1757084982.678158,12645875-1442-4e1c-b318-dab9c82634ac,1757084982.677634,Room_2_motion_001,Room_2,motion,0.5866817479147804
7,0233f3bda7e4fd6529d825ac13dcb545710466fbb2810b7a07245b808caa3e87,1757084982.678158,dadbd221-f9cb-46ec-92e5-f178091325d5,1757084982.677653,Room_1_motion_001,Room_1,motion,-0.2877825625553045
7,0233f3bda7e4fd6529d825ac13dcb545710466fbb2810b7a07245b808caa3e87,1757084982.678158,bd5ec869-449d-4675-8cbb-df467e9cacfb,1757084982.677672,Room_2_motion_001,Room_2,motion,-0.2904409711145541
7,0233f3bda7e4fd6529d825ac13dcb545710466fbb2810b7a07245b808caa3e87,1757084982.678158,80562255-ee21-4295-9426-3c9cd4c07ba9,1757084982.677706,Room_1_motion_001,Room_1,motion,-0.430218753011783
7,0233f3bda7e4fd6529d825ac13dcb545710466fbb2810b7a07245b808caa3e87,1757084982.678158,589de8fa-c206-46fa-8393-20eb2858cad3,1757084982.6777248,Room_2_motion_001,Room_2,motion,-0.2720912724788241
7,0233f3bda7e4fd6529d825ac13dcb545710466fbb2810b7a07245b808caa3e87,1757084982.678158,8a57eec6-286e-4d28-8844-680584de5eaf,1757084982.6777442,Room_1_motion_001,Room_1,motion,2.7479000087840855
7,0233f3bda7e4fd6529d825ac13dcb545710466fbb2810b7a07245b808caa3e87,1757084982.678158,b6aaa3f3-899d-4d55-9b60-8ff528732eb1,1757084982.677763,Room_1_humidity_001,Room_1,humidity,58.068395981636186
7,0233f3bda7e4fd6529d825ac13dcb545710466fbb2810b7a07245b808caa3e87,1757084982.678158,24f1b9c6-a68a-462e-84cd-74ceea6528cc,1757084982.677782,Room_1_temp_001,Room_1,temperature,17.821370896369174
7,0233f3bda7e4fd6529d825ac13dcb545710466fbb2810b7a07245b808caa3e87,1757084982.678158,6e0fde47-d121-4386-83e8-a96c30f002d4,1757084982.6778,Room_2_light_001,Room_2,light,80.63649535384599
7,0233f3bda7e4fd6529d825ac13dcb545710466fbb2810b7a07245b808caa3e87,1757084982.678158,dc5d91b7-5a8b-4af0-a11b-35cf4f8e10b7,1757084982.6778188,Room_1_light_001,Room_1,light,45.53557575939393
7,0233f3bda7e4fd6529d825ac13dcb545710466fbb2810b7a07245b808caa3e87,1757084982.678158,1d05492d-8a43-49e6-832d-eac78b230118,1757084982.677838,Room_2_temp_001,Room_2,temperature,20.189347596941737
7,0233f3bda7e4fd6529d825ac13dcb545710466fbb2810b7a07245b808caa3e87,1757084982.678158,1f3f6ecc-259d-4081-8d99-1f8b34e244d3,1757084982.677857,Room_2_humidity_001,Room_2,humidity,46.42752927411407
7,0233f3bda7e4fd6529d825ac13dcb545710466fbb2810b7a07245b808caa3e87,1757084982.678158,3d1bd94d-3b8e-4f3b-a1b6-ae56201abfa7,1757084982.677875,Room_2_air_001,Room_2,air_quality,22.62482362324073
7,0233f3bda7e4fd6529d825ac13dcb545710466fbb2810b7a07245b808caa3e87,1757084982.678158,fb8a4b49-9813-4bea-b038-27aab0574d99,1757084982.6778939,Room_2_motion_001,Room_2,motion,0.31541982938930435
7,0233f3bda7e4fd6529d825ac13dcb545710466fbb2810b7a07245b808caa3e87,1757084982.678158,fe6a9b58-bb79-4e74-ac61-69886bf95eac,1757084982.6779132,Room_1_air_001,Room_1,air_quality,11.957620263819736
7,0233f3bda7e4fd6529d825ac13dcb545710466fbb2810b7a07245b808caa3e87,1757084982.678158,4cf3c233-81a4-4eb4-b5eb-259d398daced,1757084982.677932,Room_2_motion_001,Room_2,motion,1.4505925540576277
7,0233f3bda7e4fd6529d825ac13dcb545710466fbb2810b7a07245b808caa3e87,1757084982.678158,16b8d948-63e6-4532-a94f-3f3c62e2bd2c,1757084982.6779509,Room_1_motion_001,Room_1,motion,0.6524583600137382
7,0233f3bda7e4fd6529d825ac13dcb545710466fbb2810b7a07245b808caa3e87,1757084982.678158,a83ab2d9-bafb-48aa-af58-30a2823c0ef0,1757084982.67797,Room_2_motion_001,Room_2,motion,0.2256789386488289
7,0233f3bda7e4fd6529d825ac13dcb545710466fbb2810b7a07245b808caa3e87,1757084982.678158,518c70ef-f79e-408b-bb36-dc1d09e835bf,1757084982.677993,Room_1_motion_001,Room_1,motion,-1.1853394852008126
7,0233f3bda7e4fd6529d825ac13dcb545710466fbb2810b7a07245b808caa3e87,1757084982.678158,9ee0730d-05f8-4fb5-996f-4f3f7c98d53e,1757084982.678012,Room_2_motion_001,Room_2,motion,-1.8064931663437314
7,0233f3bda7e4fd6529d825ac13dcb545710466fbb2810b7a07245b808caa3e87,1757084982.678158,28d18763-cd98-4865-a540-2d8980662088,1757084982.6780312,Room_1_motion_001,Room_1,motion,2.8296452211725622
7,0233f3bda7e4fd6529d825ac13dcb545710466fbb2810b7a07245b808caa3e87,1757084982.678158,21021748-e04c-4435-8716-c03022a6da2d,1757084982.67805,Room_2_motion_001,Room_2,motion,-2.785430856483096
7,0233f3bda7e4fd6529d825ac13dcb545710466fbb2810b7a07245b808caa3e87,1757084982.678158,e55ab530-349f-47c3-9f8f-5bbf95be956d,1757084982.678068,Room_1_motion_001,Room_1,motion,-0.050631171189559517
7,0233f3bda7e4fd6529d825ac13dcb545710466fbb2810b7a07245b808caa3e87,1757084982.678158,4f209cac-de05-4e44-90c6-c6231ec3b3d2,1757084982.6780999,Room_2_motion_001,Room_2,motion,0.18092617908737862
7,0233f3bda7e4fd6529d825ac13dcb545710466fbb2810b7a07245b808caa3e87,1757084982.678158,1731817c-60ae-412a-bb8c-b0f005f5d731,1757084982.678119,Room_2_light_001,Room_2,light,24.523665657341635
7,0233f3bda7e4fd6529d825ac13dcb545710466fbb2810b7a07245b808caa3e87,1757084982.678158,dd7b7a9e-1a6a-4171-87ae-82b216a10e18,1757084982.678138,Room_1_motion_001,Room_1,motion,1.5957608437563338
7,0233f3bda7e4fd6529d825ac13dcb545710466fbb2810b7a07245b808caa3e87,1757084982.678158,ac8a4667-1a14-42d4-b952-cb1bb7373f4e,1757084982.678157,Room_1_light_001,Room_1,light,214.6348336894725
8,056261e493aaa212d5565f110cb0cfe6370e55b3534828574d91eba0f39c78cc,1757084982.680254,35a74fb6-3b89-40bc-9a2d-ca77d99a8936,1757084982.6792881,Room_2_motion_001,Room_2,motion,0.3803682075595525
8,056261e493aaa212d5565f110cb0cfe6370e55b3534828574d91eba0f39c78cc,1757084982.680254,0ee81a16-ca45-4e8d-a38a-170b24ccc15d,1757084982.679313,Room_1_motion_001,Room_1,motion,1.085403021226141
8,056261e493aaa212d5565f110cb0cfe6370e55b3534828574d91eba0f39c78cc,1757084982.680254,6589743b-67cf-4591-8a99-fa27943045b1,1757084982.6793349,Room_1_motion_001,Room_1,motion,-0.5041127506615182
8,056261e493aaa212d5565f110cb0cfe6370e55b3534828574d91eba0f39c78cc,1757084982.680254,d3d25891-fa2f-4be0-a813-11a0f022cdab,1757084982.6793568,Room_2_motion_001,Room_2,motion,0.41929349663853666
8,056261e493aaa212d5565f110cb0cfe6370e55b3534828574d91eba0f39c78cc,1757084982.680254,d0ce6ce7-24df-48a5-ab03-7e0aa3192a51,1757084982.679378,Room_2_motion_001,Room_2,motion,0.9265293447128509
8,056261e493aaa212d5565f110cb0cfe6370e55b3534828574d91eba0f39c78cc,1757084982.680254,5fbce5ec-1d69-4b20-8727-dd449a466a9e,1757084982.6793978,Room_1_motion_001,Room_1,motion,0.5660228206703213
8,056261e493aaa212d5565f110cb0cfe6370e55b3534828574d91eba0f39c78cc,1757084982.680254,8d684616-e4a4-49e7-8bbc-a30eb9c6d65e,1757084982.6794171,Room_1_motion_001,Room_1,motion,-0.14737077443560603
8,056261e493aaa212d5565f110cb0cfe6370e55b3534828574d91eba0f39c78cc,1757084982.680254,c9d8c769-aca8-4c24-89bf-3e0c5265515e,1757084982.679444,Room_2_motion_001,Room_2,motion,-0.4925469697518429
8,056261e493aaa212d5565f110cb0cfe6370e55b3534828574d91eba0f39c78cc,1757084982.680254,842279f1-f89e-4a05-b1c6-34f813a10395,1757084982.679463,Room_2_motion_001,Room_2,motion,0.08892659699256814
8,056261e493aaa212d5565f110cb0cfe6370e55b3534828574d91eba0f39c78cc,1757084982.680254,5516b10c-2712-4888-ac6c-f13cfe33f705,1757084982.6794822,Room_1_light_001,Room_1,light,247.43184650481743
8,056261e493aaa212d5565f110cb0cfe6370e55b3534828574d91eba0f39c78cc,1757084982.680254,403e6f43-0c34-49d1-aa3e-72e99f26ddb4,1757084982.679501,Room_1_motion_001,Room_1,motion,1.965473805847593
8,056261e493aaa212d5565f110cb0cfe6370e55b3534828574d91eba0f39c78cc,1757084982.680254,1da6b764-abb2-4c68-a5cb-b7fb6c96854c,1757084982.67952,Room_2_light_001,Room_2,light,0.04880044260278425
8,056261e493aaa212d5565f110cb0cfe6370e55b3534828574d91eba0f39c78cc,1757084982.680254,a9c41a4c-8100-4bdb-a676-34ae9cd7dcbb,1757084982.679539,Room_2_motion_001,Room_2,motion,0.19761751144463463
8,056261e493aaa212d5565f110cb0cfe6370e55b3534828574d91eba0f39c78cc,1757084982.680254,5f4dc338-0928-471b-b6d1-b80c4c3546a1,1757084982.679557,Room_1_motion_001,Room_1,motion,0.5815326533742946
8,056261e493aaa212d5565f110cb0cfe6370e55b3534828574d91eba0f39c78cc,1757084982.680254,ac81a93d-bb32-4c86-aa39-ca754728ca0e,1757084982.6795762,Room_2_motion_001,Room_2,motion,-0.22222567610733734
8,056261e493aaa212d5565f110cb0cfe6370e55b3534828574d91eba0f39c78cc,1757084982.680254,c872fca0-4761-4438-9b14-ce648512ae41,1757084982.679595,Room_1_motion_001,Room_1,motion,-0.16729263952238385
8,056261e493aaa212d5565f110cb0cfe6370e55b3534828574d91eba0f39c78cc,1757084982.680254,14e2c822-6883-4d09-9d0b-c39755126b90,1757084982.679614,Room_2_motion_001,Room_2,motion,-0.4439096018945194
8,056261e493aaa212d5565f110cb0cfe6370e55b3534828574d91eba0f39c78cc,1757084982.680254,866c6bce-7d5a-4de5-b175-e1d2ea9b4095,1757084982.679632,Room_1_motion_001,Room_1,motion,1.19924404487704
8,056261e493aaa212d5565f110cb0cfe6370e55b3534828574d91eba0f39c78cc,1757084982.680254,9da71693-96a7-4d50-8187-d7f686863797,1757084982.679651,Room_1_motion_001,Room_1,motion,2.124587367476944
8,056261e493aaa212d5565f110cb0cfe6370e55b3534828574d91eba0f39c78cc,1757084982.680254,d0f55e2f-c85f-4b2b-ae4a-2769a856f63b,1757084982.67967,Room_2_motion_001,Room_2,motion,0.31695793190407734
8,056261e493aaa212d5565f110cb0cfe6370e55b3534828574d91eba0f39c78cc,1757084982.680254,684add7d-5a31-45f7-bbeb-ae77b89e69c0,1757084982.679689,Room_1_temp_001,Room_1,temperature,23.678393288253393
8,056261e493aaa212d5565f110cb0cfe6370e55b3534828574d91eba0f39c78cc,1757084982.680254,512a67b7-5ec1-4d7a-b009-cb9bc2532457,1757084982.679708,Room_2_motion_001,Room_2,motion,1.1996618308266294
8,056261e493aaa212d5565f110cb0cfe6370e55b3534828574d91eba0f39c78cc,1757084982.680254,bf8530a7-ab18-411d-bac8-b17fc0003baf,1757084982.679727,Room_1_light_001,Room_1,light,219.37279837203096
8,056261e493aaa212d5565f110cb0cfe6370e55b3534828574d91eba0f39c78cc,1757084982.680254,03499394-f7fb-4149-8997-410e5b686f82,1757084982.67975,Room_2_light_001,Room_2,light,208.30759287992177
8,056261e493aaa212d5565f110cb0cfe6370e55b3534828574d91eba0f39c78cc,1757084982.680254,78d26d55-2607-4428-954b-5ea10c2174a1,1757084982.679768,Room_1_humidity_001,Room_1,humidity,54.779243118444946
8,056261e493aaa212d5565f110cb0cfe6370e55b3534828574d91eba0f39c78cc,1757084982.680254,83a648ce-7426-448d-b5d6-676dfc5bbdda,1757084982.679787,Room_2_temp_001,Room_2,temperature,22.098209567951145
8,056261e493aaa212d5565f110cb0cfe6370e55b3534828574d91eba0f39c78cc,1757084982.680254,4ef816a2-a447-44cc-9507-66711030fa37,1757084982.679806,Room_2_humidity_001,Room_2,humidity,44.097011518445804
8,056261e493aaa212d5565f110cb0cfe6370e55b3534828574d91eba0f39c78cc,1757084982.680254,2f8ef176-cedf-40e5-99fc-0921e535efd5,1757084982.6798248,Room_1_motion_001,Room_1,motion,1.8280225115380837
8,056261e493aaa212d5565f110cb0cfe6370e55b3534828574d91eba0f39c78cc,1757084982.680254,e880db4a-83f9-4812-a06f-eea9f470147f,1757084982.6798432,Room_2_motion_001,Room_2,motion,-0.12767223006858278
8,056261e493aaa212d5565f110cb0cfe6370e55b3534828574d91eba0f39c78cc,1757084982.680254,70dc7ab2-e0a3-4aba-b3cf-ffda1eb1fa11,1757084982.679862,Room_1_motion_001,Room_1,motion,0.859413925856369
8,056261e493aaa212d5565f110cb0cfe6370e55b3534828574d91eba0f39c78cc,1757084982.680254,a7c04d57-e45e-43ca-af73-e812ffef0d4e,1757084982.6798809,Room_2_motion_001,Room_2,motion,-0.24001150914829694
8,056261e493aaa212d5565f110cb0cfe6370e55b3534828574d91eba0f39c78cc,1757084982.680254,78f27f25-645c-467f-a50d-b8f54846f667,1757084982.6799,Room_1_motion_001,Room_1,motion,0.9827899881581192
8,056261e493aaa212d5565f110cb0cfe6370e55b3534828574d91eba0f39c78cc,1757084982.680254,333a6966-0c49-4a3b-9e37-b494cf166492,1757084982.679919,Room_2_motion_001,Room_2,motion,1.366613601437754
8,056261e493aaa212d5565f110cb0cfe6370e55b3534828574d91eba0f39c78cc,1757084982.680254,13ec227f-12cf-4abd-92c9-dad086452abf,1757084982.67994,Room_1_motion_001,Room_1,motion,1.6935118799986952
8,056261e493aaa212d5565f110cb0cfe6370e55b3534828574d91eba0f39c78cc,1757084982.680254,0206d1c9-8cfd-4ffe-8f9b-aaa86d8cdee7,1757084982.679966,Room_2_motion_001,Room_2,motion,-0.14547249971140905
8,056261e493aaa212d5565f110cb0cfe6370e55b3534828574d91eba0f39c78cc,1757084982.680254,c7c77e0e-9f33-4812-9980-005456108f29,1757084982.679986,Room_1_motion_001,Room_1,motion,1.0590864471137915
8,056261e493aaa212d5565f110cb0cfe6370e55b3534828574d91eba0f39c78cc,1757084982.680254,13c4386f-f94a-43f8-8b09-5e9f686dad96,1757084982.6800041,Room_2_light_001,Room_2,light,25.39458536935844
8,056261e493aaa212d5565f110cb0cfe6370e55b3534828574d91eba0f39c78cc,1757084982.680254,c25544a5-1039-40a1-b333-55483b14a401,1757084982.680023,Room_1_light_001,Room_1,light,28.81246392201772
8,056261e493aaa212d5565f110cb0cfe6370e55b3534828574d91eba0f39c78cc,1757084982.680254,4efa667b-ce38-4492-87ae-84cb59425e47,1757084982.680042,Room_1_motion_001,Room_1,motion,-3.191345535010029
8,056261e493aaa212d5565f110cb0cfe6370e55b3534828574d91eba0f39c78cc,1757084982.680254,c6be86db-4eda-4355-851d-fef215f23251,1757084982.6800609,Room_2_motion_001,Room_2,motion,-1.141867398898805
8,056261e493aaa212d5565f110cb0cfe6370e55b3534828574d91eba0f39c78cc,1757084982.680254,7b6ac528-017c-4b03-9341-2479368de01a,1757084982.68008,Room_1_motion_001,Room_1,motion,-0.12059009253124515
8,056261e493aaa212d5565f110cb0cfe6370e55b3534828574d91eba0f39c78cc,1757084982.680254,053bd3f9-43e2-4f5a-94c4-99479be9e390,1757084982.680099,Room_2_motion_001,Room_2,motion,1.2571590243140385
8,056261e493aaa212d5565f110cb0cfe6370e55b3534828574d91eba0f39c78cc,1757084982.680254,8a99f453-cfd4-4fc4-a1a3-528c4fd1cf7e,1757084982.680118,Room_1_motion_001,Room_1,motion,1.0881550992562399
8,056261e493aaa212d5565f110cb0cfe6370e55b3534828574d91eba0f39c78cc,1757084982.680254,5acef096-d219-4c30-9a7e-2525410640a2,1757084982.680137,Room_2_motion_001,Room_2,motion,0.9276926217343324
8,056261e493aaa212d5565f110cb0cfe6370e55b3534828574d91eba0f39c78cc,1757084982.680254,1d0b9337-0e81-4b5f-a84e-85fcc46e8b7c,1757084982.680156,Room_1_motion_001,Room_1,motion,0.22310782173916097
8,056261e493aaa212d5565f110cb0cfe6370e55b3534828574d91eba0f39c78cc,1757084982.680254,bcce1f0a-77e2-4ba4-acdf-0aac4fdd62f4,1757084982.680174,Room_2_motion_001,Room_2,motion,0.18665832856241782
8,056261e493aaa212d5565f110cb0cfe6370e55b3534828574d91eba0f39c78cc,1757084982.680254,4fed4feb-5b93-481f-b50f-015dc4b696c1,1757084982.6801941,Room_1_motion_001,Room_1,motion,1.6085085438544078
8,056261e493aaa212d5565f110cb0cfe6370e55b3534828574d91eba0f39c78cc,1757084982.680254,8e910f5d-b5a5-46c4-bac1-fd6c27edad65,1757084982.680213,Room_2_motion_001,Room_2,motion,-0.1169823335160365
8,056261e493aaa212d5565f110cb0cfe6370e55b3534828574d91eba0f39c78cc,1757084982.680254,49e783dc-3c49-4d9c-bf7c-2b4f0ad18847,1757084982.6802309,Room_1_light_001,Room_1,light,21.86525159507211
8,056261e493aaa212d5565f110cb0cfe6370e55b3534828574d91eba0f39c78cc,1757084982.680254,4d2b9f9c-a49d-44b5-86f1-a957a1461113,1757084982.6802502,Room_1_motion_001,Room_1,motion,-1.6847830564458708
9,0764d2abb51c685564474186ce758d595290718ff349353bb10cb58504e20f5b,1757084982.681893,2fb76521-6d7e-40ef-a21b-6d39dcba4d90,1757084982.680879,Room_2_light_001,Room_2,light,251.2734297831216
9,0764d2abb51c685564474186ce758d595290718ff349353bb10cb58504e20f5b,1757084982.681893,fc56707d-bf69-44ac-9357-f25fd6f90af6,1757084982.680906,Room_2_motion_001,Room_2,motion,-2.6108123358285287
9,0764d2abb51c685564474186ce758d595290718ff349353bb10cb58504e20f5b,1757084982.681893,48ea2692-7f1a-4eb1-9791-68c3d68d971d,1757084982.680928,Room_1_motion_001,Room_1,motion,-0.3032528543585007
9,0764d2abb51c685564474186ce758d595290718ff349353bb10cb58504e20f5b,1757084982.681893,aff44428-3da2-4795-afd0-c19d5acfa250,1757084982.68096,Room_2_motion_001,Room_2,motion,-0.41929762800499676
9,0764d2abb51c685564474186ce758d595290718ff349353bb10cb58504e20f5b,1757084982.681893,2e04d2a6-7323-4ded-be42-afb598181597,1757084982.680981,Room_1_motion_001,Room_1,motion,-0.6735452144217396
9,0764d2abb51c685564474186ce758d595290718ff349353bb10cb58504e20f5b,1757084982.681893,403e690f-3cf5-4ec5-b492-ae242cb123ec,1757084982.681,Room_2_motion_001,Room_2,motion,1.7222624445073453
9,0764d2abb51c685564474186ce758d595290718ff349353bb10cb58504e20f5b,1757084982.681893,23f0f114-1050-4c40-a61d-4e4242061b8b,1757084982.6810188,Room_2_motion_001,Room_2,motion,0.43607142980774644
9,0764d2abb51c685564474186ce758d595290718ff349353bb10cb58504e20f5b,1757084982.681893,b8cfd5fc-da7e-459a-8f88-2c0967d55dcc,1757084982.6810381,Room_1_motion_001,Room_1,motion,-1.0162339611699374
9,0764d2abb51c685564474186ce758d595290718ff349353bb10cb58504e20f5b,1757084982.681893,369da8a0-2450-4a2a-8015-3195e4c1281a,1757084982.681057,Room_2_motion_001,Room_2,motion,2.3259848290780574
9,0764d2abb51c685564474186ce758d595290718ff349353bb10cb58504e20f5b,1757084982.681893,2ce99026-8e88-44a8-a0b2-7493cd610dfa,1757084982.6811252,Room_1_motion_001,Room_1,motion,1.1439275666241469
9,0764d2abb51c685564474186ce758d595290718ff349353bb10cb58504e20f5b,1757084982.681893,ebf7277f-8fae-4414-bde2-de8ae374aa22,1757084982.6811452,Room_2_temp_001,Room_2,temperature,21.596299069316277
9,0764d2abb51c685564474186ce758d595290718ff349353bb10cb58504e20f5b,1757084982.681893,033bc4d3-9a0e-44cb-b043-7d3ac0143ae8,1757084982.681165,Room_2_light_001,Room_2,light,16.45043146214393
9,0764d2abb51c685564474186ce758d595290718ff349353bb10cb58504e20f5b,1757084982.681893,12f1a3f0-2252-4e30-ab17-dab7a41aee44,1757084982.6811829,Room_2_humidity_001,Room_2,humidity,45.00876640793642
9,0764d2abb51c685564474186ce758d595290718ff349353bb10cb58504e20f5b,1757084982.681893,072cc719-9d58-412a-beee-af9c416194f3,1757084982.681202,Room_1_air_001,Room_1,air_quality,17.74331238070621
9,0764d2abb51c685564474186ce758d595290718ff349353bb10cb58504e20f5b,1757084982.681893,33718f9d-44d4-4c18-b2d2-fb1068128951,1757084982.681221,Room_1_light_001,Room_1,light,49.91737441746338
9,0764d2abb51c685564474186ce758d595290718ff349353bb10cb58504e20f5b,1757084982.681893,908f11e2-89a5-4f32-970d-324206ab8fd0,1757084982.68124,Room_1_motion_001,Room_1,motion,-0.28164232604037354
9,0764d2abb51c685564474186ce758d595290718ff349353bb10cb58504e20f5b,1757084982.681893,16e3abce-14ae-4941-91b3-48fff411d8fb,1757084982.681259,Room_1_temp_001,Room_1,temperature,20.823428373026264
9,0764d2abb51c685564474186ce758d595290718ff349353bb10cb58504e20f5b,1757084982.681893,28ab1aff-b893-4508-8a49-e084dde1d5c0,1757084982.681278,Room_1_humidity_001,Room_1,humidity,58.686490400765805
9,0764d2abb51c685564474186ce758d595290718ff349353bb10cb58504e20f5b,1757084982.681893,4a1c0ef4-f199-4fbb-a409-a1fcd1e59b06,1757084982.6812959,Room_2_motion_001,Room_2,motion,-2.4444380752340376
9,0764d2abb51c685564474186ce758d595290718ff349353bb10cb58504e20f5b,1757084982.681893,c0138abd-9bbf-42ef-9c7a-a115d6bb9550,1757084982.6813152,Room_2_air_001,Room_2,air_quality,24.253691590205566
9,0764d2abb51c685564474186ce758d595290718ff349353bb10cb58504e20f5b,1757084982.681893,98621225-aae0-4898-b056-7231d1f09682,1757084982.681334,Room_1_motion_001,Room_1,motion,0.04198809526364009
9,0764d2abb51c685564474186ce758d595290718ff349353bb10cb58504e20f5b,1757084982.681893,9076f9d7-3e07-44a9-a018-b277ffc35a57,1757084982.6813529,Room_2_motion_001,Room_2,motion,-0.22665569150783865
9,0764d2abb51c685564474186ce758d595290718ff349353bb10cb58504e20f5b,1757084982.681893,fae76e11-54c6-4b23-ab55-910322dbddbc,1757084982.681372,Room_2_motion_001,Room_2,motion,1.530593634176473
9,0764d2abb51c685564474186ce758d595290718ff349353bb10cb58504e20f5b,1757084982.681893,befef60c-5057-43e7-889b-19bddb9078f7,1757084982.681391,Room_1_motion_001,Room_1,motion,-0.28027997517163306
9,0764d2abb51c685564474186ce758d595290718ff349353bb10cb58504e20f5b,1757084982.681893,76b998f6-61ec-40b2-b729-afef411b7c6b,1757084982.6814091,Room_1_motion_001,Room_1,motion,0.46704914360186334
9,0764d2abb51c685564474186ce758d595290718ff349353bb10cb58504e20f5b,1757084982.681893,eb87fffa-ad2e-4b04-81d8-7ec05c6bf2e2,1757084982.681428,Room_2_motion_001,Room_2,motion,0.9610880631297032
9,0764d2abb51c685564474186ce758d595290718ff349353bb10cb58504e20f5b,1757084982.681893,b54d0af8-a3cd-4bee-b1c6-6528a3cb37a1,1757084982.681447,Room_1_motion_001,Room_1,motion,0.7206858994259624
9,0764d2abb51c685564474186ce758d595290718ff349353bb10cb58504e20f5b,1757084982.681893,952b2e2e-0387-4ef2-8198-a82f1f937dcf,1757084982.681473,Room_2_motion_001,Room_2,motion,0.5686968757855086
9,0764d2abb51c685564474186ce758d595290718ff349353bb10cb58504e20f5b,1757084982.681893,5e233b66-2f50-4cbe-aed4-65a750e7565e,1757084982.6814919,Room_2_motion_001,Room_2,motion,0.31169838432116714
9,0764d2abb51c685564474186ce758d595290718ff349353bb10cb58504e20f5b,1757084982.681893,b8585810-c537-4fec-aa62-58bc43379438,1757084982.681511,Room_1_light_001,Room_1,light,15.088868139908993
9,0764d2abb51c685564474186ce758d595290718ff349353bb10cb58504e20f5b,1757084982.681893,f8b20a23-a591-4bcc-a736-83f683a8d860,1757084982.68153,Room_2_light_001,Room_2,light,58.044817482482536
9,0764d2abb51c685564474186ce758d595290718ff349353bb10cb58504e20f5b,1757084982.681893,02d8051a-c1f8-4296-8a09-b8b4b57e527c,1757084982.681549,Room_1_motion_001,Room_1,motion,0.011760060286019693
9,0764d2abb51c685564474186ce758d595290718ff349353bb10cb58504e20f5b,1757084982.681893,7ea926c5-7167-4289-8b0b-5c3733ef25a5,1757084982.681568,Room_2_motion_001,Room_2,motion,-0.23961731555150417
9,0764d2abb51c685564474186ce758d595290718ff349353bb10cb58504e20f5b,1757084982.681893,b0a433be-95fa-4c90-92db-b8d57c819f47,1757084982.681587,Room_1_motion_001,Room_1,motion,0.3966818511778458
9,0764d2abb51c685564474186ce758d595290718ff349353bb10cb58504e20f5b,1757084982.681893,a9d44083-cfdc-4410-8c41-7af7f8631d29,1757084982.681605,Room_2_motion_001,Room_2,motion,0.37240912532621717
9,0764d2abb51c685564474186ce758d595290718ff349353bb10cb58504e20f5b,1757084982.681893,d4e5c9ca-b253-47c0-855c-305895a490d0,1757084982.6816251,Room_1_motion_001,Room_1,motion,0.8044699778901674
9,0764d2abb51c685564474186ce758d595290718ff349353bb10cb58504e20f5b,1757084982.681893,a041a80e-09ec-40cc-9377-695b8a218b1b,1757084982.681644,Room_1_motion_001,Room_1,motion,-0.3163816835172736
9,0764d2abb51c685564474186ce758d595290718ff349353bb10cb58504e20f5b,1757084982.681893,445443a3-d129-4b87-9aa2-3566ba526c8d,1757084982.681663,Room_2_motion_001,Room_2,motion,1.1256520154624687
9,0764d2abb51c685564474186ce758d595290718ff349353bb10cb58504e20f5b,1757084982.681893,ef9c2eff-d2f6-4862-bf87-73b4945be865,1757084982.6816819,Room_1_motion_001,Room_1,motion,0.2412478381610066
9,0764d2abb51c685564474186ce758d595290718ff349353bb10cb58504e20f5b,1757084982.681893,11f64c55-1e00-498e-86e7-7b3a9f1acbf4,1757084982.6817012,Room_2_motion_001,Room_2,motion,4.320580988896126
9,0764d2abb51c685564474186ce758d595290718ff349353bb10cb58504e20f5b,1757084982.681893,ec6b4743-ad1a-4276-bc4d-a159a069e103,1757084982.68172,Room_1_motion_001,Room_1,motion,2.3999464762789517
9,0764d2abb51c685564474186ce758d595290718ff349353bb10cb58504e20f5b,1757084982.681893,4b3ae1a2-1a82-4bfd-908d-968f284d97be,1757084982.681738,Room_1_light_001,Room_1,light,238.46615713427735
9,0764d2abb51c685564474186ce758d595290718ff349353bb10cb58504e20f5b,1757084982.681893,82c5516d-3174-4c6e-b3b2-d1436081fe2a,1757084982.681757,Room_2_motion_001,Room_2,motion,-0.40564518047915754
9,0764d2abb51c685564474186ce758d595290718ff349353bb10cb58504e20f5b,1757084982.681893,d1ec52cc-cb70-4587-beba-ebaacd3e1412,1757084982.681776,Room_2_light_001,Room_2,light,43.123063267013414
9,0764d2abb51c685564474186ce758d595290718ff349353bb10cb58504e20f5b,1757084982.681893,8d31fabe-ba81-4ac0-a418-b31921e2c40b,1757084982.6817951,Room_2_motion_001,Room_2,motion,-0.10962991938505579
9,0764d2abb51c685564474186ce758d595290718ff349353bb10cb58504e20f5b,1757084982.681893,78e64044-2bcb-4cee-8fbf-d82488e4d392,1757084982.681814,Room_1_motion_001,Room_1,motion,0.7842123316194067
9,0764d2abb51c685564474186ce758d595290718ff349353bb10cb58504e20f5b,1757084982.681893,ecc9f08a-1457-4158-83d2-c8ff9af08934,1757084982.681833,Room_2_motion_001,Room_2,motion,-0.16443035338386472
9,0764d2abb51c685564474186ce758d595290718ff349353bb10cb58504e20f5b,1757084982.681893,72679b3b-e0a5-45c4-a114-a0f8244fe6d1,1757084982.6818519,Room_1_motion_001,Room_1,motion,-3.4234644154359497
9,0764d2abb51c685564474186ce758d595290718ff349353bb10cb58504e20f5b,1757084982.681893,3d4c195b-be73-4911-8eeb-57e980743fd1,1757084982.681874,Room_2_motion_001,Room_2,motion,0.2454601650214692
9,0764d2abb51c685564474186ce758d595290718ff349353bb10cb58504e20f5b,1757084982.681893,980d2f03-f9e4-46f0-a8b3-bc0bd31819b1,1757084982.681893,Room_1_motion_001,Room_1,motion,0.08333641748109465
10,0a8d854c21dbcb25e0c22bcd3d59336ca371fa1d7ad16ea84c37d2c61b136051,1757084982.6842618,d132fc73-d527-4dab-9938-3eca5fb911f2,1757084982.6833842,Room_1_motion_001,Room_1,motion,-0.8138739210512629
10,0a8d854c21dbcb25e0c22bcd3d59336ca371fa1d7ad16ea84c37d2c61b136051,1757084982.6842618,3aa2e01c-a5a4-4422-9aef-c7e0f69533be,1757084982.6834078,Room_2_motion_001,Room_2,motion,1.5404990333651043
10,0a8d854c21dbcb25e0c22bcd3d59336ca371fa1d7ad16ea84c37d2c61b136051,1757084982.6842618,7f6d1ba5-d8d5-45a6-aa26-801b8ca3abfb,1757084982.683429,Room_1_motion_001,Room_1,motion,1.4757200003237427
10,0a8d854c21dbcb25e0c22bcd3d59336ca371fa1d7ad16ea84c37d2c61b136051,1757084982.6842618,fcf1404a-27ff-4bb0-870c-9f0264845408,1757084982.6834502,Room_1_temp_001,Room_1,temperature,20.990320886930505
10,0a8d854c21dbcb25e0c22bcd3d59336ca371fa1d7ad16ea84c37d2c61b136051,1757084982.6842618,928eb369-ec42-40e4-aed9-281e25bb4c0d,1757084982.68347,Room_2_temp_001,Room_2,temperature,19.94200601477927
10,0a8d854c21dbcb25e0c22bcd3d59336ca371fa1d7ad16ea84c37d2c61b136051,1757084982.6842618,b4148bad-2353-4e00-b5fa-3c9a0f0900f4,1757084982.6834948,Room_1_humidity_001,Room_1,humidity,56.3733630681305
10,0a8d854c21dbcb25e0c22bcd3d59336ca371fa1d7ad16ea84c37d2c61b136051,1757084982.6842618,75741649-fc7e-42b8-8266-c1bcf01d3aca,1757084982.6835148,Room_2_motion_001,Room_2,motion,-0.6680557970033875
10,0a8d854c21dbcb25e0c22bcd3d59336ca371fa1d7ad16ea84c37d2c61b136051,1757084982.6842618,733a564a-6df7-40ca-990b-e15b11ae7a45,1757084982.683533,Room_2_light_001,Room_2,light,114.70339559457499
10,0a8d854c21dbcb25e0c22bcd3d59336ca371fa1d7ad16ea84c37d2c61b136051,1757084982.6842618,31076b2d-82a4-4d2c-a1b7-98cc8e6362a8,1757084982.683552,Room_2_humidity_001,Room_2,humidity,45.64823241746455
10,0a8d854c21dbcb25e0c22bcd3d59336ca371fa1d7ad16ea84c37d2c61b136051,1757084982.6842618,81688940-6c8e-4a02-92a7-855a70c44f69,1757084982.6835709,Room_1_light_001,Room_1,light,270.7471734938265
10,0a8d854c21dbcb25e0c22bcd3d59336ca371fa1d7ad16ea84c37d2c61b136051,1757084982.6842618,4d52d1ee-1b6d-49be-b7f7-db09f4b0ca7b,1757084982.68359,Room_1_motion_001,Room_1,motion,-0.2169180856393826
10,0a8d854c21dbcb25e0c22bcd3d59336ca371fa1d7ad16ea84c37d2c61b136051,1757084982.6842618,aea3392b-b228-4997-a810-19dc970f233b,1757084982.683609,Room_2_motion_001,Room_2,motion,1.3706010991320896
10,0a8d854c21dbcb25e0c22bcd3d59336ca371fa1d7ad16ea84c37d2c61b136051,1757084982.6842618,e44a25b2-0360-44dd-b749-f52a94efa306,1757084982.683628,Room_2_motion_001,Room_2,motion,0.2032564201251362
10,0a8d854c21dbcb25e0c22bcd3d59336ca371fa1d7ad16ea84c37d2c61b136051,1757084982.6842618,cf90365a-b408-4516-9609-4a66b4ee64a5,1757084982.683646,Room_1_motion_001,Room_1,motion,0.012220913284347837
10,0a8d854c21dbcb25e0c22bcd3d59336ca371fa1d7ad16ea84c37d2c61b136051,1757084982.6842618,0322e9d3-28d9-41b4-acc6-bc8f12bd4f87,1757084982.6836648,Room_1_motion_001,Room_1,motion,3.766914416818198
10,0a8d854c21dbcb25e0c22bcd3d59336ca371fa1d7ad16ea84c37d2c61b136051,1757084982.6842618,8421d38d-37ea-43b3-8a5f-7c10dbc7c8c6,1757084982.683684,Room_2_motion_001,Room_2,motion,2.0050128710138932
10,0a8d854c21dbcb25e0c22bcd3d59336ca371fa1d7ad16ea84c37d2c61b136051,1757084982.6842618,b4ec3e3f-81e3-4bf5-b10a-a55d34928514,1757084982.683703,Room_1_motion_001,Room_1,motion,0.006746880471127566
10,0a8d854c21dbcb25e0c22bcd3d59336ca371fa1d7ad16ea84c37d2c61b136051,1757084982.6842618,87cfa5f0-8f3d-47ae-b12f-f79dfb4974d9,1757084982.683721,Room_2_motion_001,Room_2,motion,-2.0724814672052503
10,0a8d854c21dbcb25e0c22bcd3d59336ca371fa1d7ad16ea84c37d2c61b136051,1757084982.6842618,c7dba338-b728-4d71-8383-50575c7f0412,1757084982.68374,Room_1_motion_001,Room_1,motion,1.0509113387118731
10,0a8d854c21dbcb25e0c22bcd3d59336ca371fa1d7ad16ea84c37d2c61b136051,1757084982.6842618,b5317c8d-d9dd-4dc0-9944-320841399933,1757084982.6837592,Room_2_light_001,Room_2,light,43.80675346061683
10,0a8d854c21dbcb25e0c22bcd3d59336ca371fa1d7ad16ea84c37d2c61b136051,1757084982.6842618,53b47333-a80d-47bd-888b-a27fb9cd4f40,1757084982.683778,Room_2_motion_001,Room_2,motion,1.3224164568152268
10,0a8d854c21dbcb25e0c22bcd3d59336ca371fa1d7ad16ea84c37d2c61b136051,1757084982.6842618,6d57afed-adc1-4034-aafb-f8d8f71bb9f1,1757084982.683797,Room_1_light_001,Room_1,light,88.17439676063559
10,0a8d854c21dbcb25e0c22bcd3d59336ca371fa1d7ad16ea84c37d2c61b136051,1757084982.6842618,18fb43ff-3826-4bd6-875f-70118557fbae,1757084982.683816,Room_1_motion_001,Room_1,motion,-0.25798378281047357
10,0a8d854c21dbcb25e0c22bcd3d59336ca371fa1d7ad16ea84c37d2c61b136051,1757084982.6842618,984a760a-9c18-4137-b356-77591793fc85,1757084982.6838348,Room_2_motion_001,Room_2,motion,2.2998435442584837
10,0a8d854c21dbcb25e0c22bcd3d59336ca371fa1d7ad16ea84c37d2c61b136051,1757084982.6842618,f881cd85-15d2-46ea-9ff1-e0afa23b3744,1757084982.683854,Room_2_motion_001,Room_2,motion,0.2672363721778479
10,0a8d854c21dbcb25e0c22bcd3d59336ca371fa1d7ad16ea84c37d2c61b136051,1757084982.6842618,5822dc22-4545-4283-a9b0-0f8b94c6e581,1757084982.683873,Room_1_motion_001,Room_1,motion,-2.7479785048205607
10,0a8d854c21dbcb25e0c22bcd3d59336ca371fa1d7ad16ea84c37d2c61b136051,1757084982.6842618,8b0457fd-022d-4b48-af5b-bd19c8398b6b,1757084982.683892,Room_1_motion_001,Room_1,motion,0.8532727402566248
10,0a8d854c21dbcb25e0c22bcd3d59336ca371fa1d7ad16ea84c37d2c61b136051,1757084982.6842618,268bc0ef-b852-4d42-8975-4e1ef04ac5df,1757084982.6839108,Room_2_motion_001,Room_2,motion,-0.3457438802219952
10,0a8d854c21dbcb25e0c22bcd3d59336ca371fa1d7ad16ea84c37d2c61b136051,1757084982.6842618,0ca7cde8-66b5-45a3-bafa-e8bbc38a73f5,1757084982.6839302,Room_2_motion_001,Room_2,motion,2.430259351520035
10,0a8d854c21dbcb25e0c22bcd3d59336ca371fa1d7ad16ea84c37d2c61b136051,1757084982.6842618,de1f2837-e8de-4d65-8e57-c71ebf72735b,1757084982.683949,Room_1_motion_001,Room_1,motion,0.9666734817134985
10,0a8d854c21dbcb25e0c22bcd3d59336ca371fa1d7ad16ea84c37d2c61b136051,1757084982.6842618,d20c2627-e099-483c-bd9a-1c5b1703d897,1757084982.683968,Room_1_motion_001,Room_1,motion,0.610066568851318
10,0a8d854c21dbcb25e0c22bcd3d59336ca371fa1d7ad16ea84c37d2c61b136051,1757084982.6842618,07887e23-be7e-403a-8de2-d2f1ad17abb6,1757084982.683994,Room_2_light_001,Room_2,light,83.30579662049874
10,0a8d854c21dbcb25e0c22bcd3d59336ca371fa1d7ad16ea84c37d2c61b136051,1757084982.6842618,acac851b-4b25-4fce-bfd9-b714ade50087,1757084982.684014,Room_1_light_001,Room_1,light,83.42079705246728
10,0a8d854c21dbcb25e0c22bcd3d59336ca371fa1d7ad16ea84c37d2c61b136051,1757084982.6842618,618272c7-8602-4e2f-adc1-c9b86a696f6d,1757084982.684033,Room_2_motion_001,Room_2,motion,0.14786124180803004
10,0a8d854c21dbcb25e0c22bcd3d59336ca371fa1d7ad16ea84c37d2c61b136051,1757084982.6842618,fb820dab-6cff-45c4-b609-b3a79c8d027d,1757084982.684052,Room_1_motion_001,Room_1,motion,-1.0808502326849363
10,0a8d854c21dbcb25e0c22bcd3d59336ca371fa1d7ad16ea84c37d2c61b136051,1757084982.6842618,ec25bc10-1d63-4755-9fa8-e6a931f7a886,1757084982.6841018,Room_2_motion_001,Room_2,motion,0.37946875351861126
10,0a8d854c21dbcb25e0c22bcd3d59336ca371fa1d7ad16ea84c37d2c61b136051,1757084982.6842618,e10a769a-a9f8-4ee5-b54c-b613f2e063be,1757084982.684163,Room_2_motion_001,Room_2,motion,1.1107506951703972
10,0a8d854c21dbcb25e0c22bcd3d59336ca371fa1d7ad16ea84c37d2c61b136051,1757084982.6842618,7c03f05c-b15a-4929-9d16-d0ab84117a24,1757084982.684185,Room_1_motion_001,Room_1,motion,1.193155953026897
10,0a8d854c21dbcb25e0c22bcd3d59336ca371fa1d7ad16ea84c37d2c61b136051,1757084982.6842618,3b0c975a-2d09-4995-88e0-8e5c746f645d,1757084982.684204,Room_1_motion_001,Room_1,motion,-0.2020648028640559
10,0a8d854c21dbcb25e0c22bcd3d59336ca371fa1d7ad16ea84c37d2c61b136051,1757084982.6842618,74737d1f-6126-422e-bf46-59d99e173b8a,1757084982.684223,Room_2_motion_001,Room_2,motion,-1.7268328121519592
10,0a8d854c21dbcb25e0c22bcd3d59336ca371fa1d7ad16ea84c37d2c61b136051,1757084982.6842618,35b04b8d-f065-4c97-84d6-f721312ec917,1757084982.684242,Room_1_motion_001,Room_1,motion,0.5430423603983767
10,0a8d854c21dbcb25e0c22bcd3d59336ca371fa1d7ad16ea84c37d2c61b136051,1757084982.6842618,202574c9-805e-428f-ab5d-57335bf17d7b,1757084982.684261,Room_2_motion_001,Room_2,motion,-0.25514616273587126
